-- MySQL dump 10.13  Distrib 5.5.24, for Win64 (x86)
--
-- Host: localhost    Database: sir
-- ------------------------------------------------------
-- Server version	5.5.24

/*!40101 SET @OLD_CHARACTER_SET_CLIENT=@@CHARACTER_SET_CLIENT */;
/*!40101 SET @OLD_CHARACTER_SET_RESULTS=@@CHARACTER_SET_RESULTS */;
/*!40101 SET @OLD_COLLATION_CONNECTION=@@COLLATION_CONNECTION */;
/*!40101 SET NAMES utf8 */;
/*!40103 SET @OLD_TIME_ZONE=@@TIME_ZONE */;
/*!40103 SET TIME_ZONE='+00:00' */;
/*!40014 SET @OLD_UNIQUE_CHECKS=@@UNIQUE_CHECKS, UNIQUE_CHECKS=0 */;
/*!40014 SET @OLD_FOREIGN_KEY_CHECKS=@@FOREIGN_KEY_CHECKS, FOREIGN_KEY_CHECKS=0 */;
/*!40101 SET @OLD_SQL_MODE=@@SQL_MODE, SQL_MODE='NO_AUTO_VALUE_ON_ZERO' */;
/*!40111 SET @OLD_SQL_NOTES=@@SQL_NOTES, SQL_NOTES=0 */;

--
-- Table structure for table `account_chart`
--

DROP TABLE IF EXISTS `account_chart`;
/*!40101 SET @saved_cs_client     = @@character_set_client */;
/*!40101 SET character_set_client = utf8 */;
CREATE TABLE `account_chart` (
  `record_id` int(10) unsigned zerofill NOT NULL AUTO_INCREMENT,
  `account_no` varchar(20) DEFAULT NULL,
  `account_name` varchar(200) DEFAULT NULL,
  `account_group_record_id` int(10) unsigned zerofill DEFAULT NULL,
  `note` varchar(1000) DEFAULT NULL,
  `void_status` tinyint(1) DEFAULT NULL,
  `void_note` varchar(200) DEFAULT NULL,
  `create_datetime` datetime DEFAULT NULL,
  `create_by_record_id` int(10) unsigned zerofill DEFAULT NULL,
  `authorize_datetime` datetime DEFAULT NULL,
  `authorize_by_record_id` int(10) unsigned zerofill DEFAULT NULL,
  `edit_datetime` datetime DEFAULT NULL,
  `edit_by_record_id` int(10) unsigned zerofill DEFAULT NULL,
  `delete_datetime` datetime DEFAULT NULL,
  `delete_by_record_id` int(10) unsigned zerofill DEFAULT NULL,
  PRIMARY KEY (`record_id`) USING BTREE
) ENGINE=MyISAM AUTO_INCREMENT=132 DEFAULT CHARSET=latin1 COMMENT='Account Chart';
/*!40101 SET character_set_client = @saved_cs_client */;

--
-- Dumping data for table `account_chart`
--

LOCK TABLES `account_chart` WRITE;
/*!40000 ALTER TABLE `account_chart` DISABLE KEYS */;
INSERT INTO `account_chart` VALUES (0000000001,'01.00.00000','Aktiva Lancar',0000000001,NULL,0,'---','2016-10-10 18:49:33',0000000001,'2016-10-10 18:49:33',0000000001,'2016-10-10 18:49:33',0000000001,NULL,0000000000),(0000000002,'01.01.00000','Kas',0000000002,NULL,0,'---','2016-10-10 18:49:33',0000000001,'2016-10-10 18:49:33',0000000001,'2016-10-10 18:49:33',0000000001,NULL,0000000000),(0000000003,'01.01.00001','Kas Usaha',0000000002,NULL,0,'---','2016-10-10 18:49:33',0000000001,'2016-10-10 18:49:33',0000000001,'2016-10-10 18:49:33',0000000001,NULL,0000000000),(0000000004,'01.02.00000','Bank',0000000003,NULL,0,'---','2016-10-10 18:49:33',0000000001,'2016-10-10 18:49:33',0000000001,'2016-10-10 18:49:33',0000000001,NULL,0000000000),(0000000005,'01.03.00000','Piutang Dagang',0000000004,NULL,0,'---','2016-10-10 18:49:33',0000000001,'2016-10-10 18:49:33',0000000001,'2016-10-10 18:49:33',0000000001,NULL,0000000000),(0000000006,'01.04.00000','Piutang Jasa',0000000005,NULL,0,'---','2016-10-10 18:49:33',0000000001,'2016-10-10 18:49:33',0000000001,'2016-10-10 18:49:33',0000000001,NULL,0000000000),(0000000007,'01.05.00000','Piutang Penjualan Aktiva',0000000006,NULL,0,'---','2016-10-10 18:49:33',0000000001,'2016-10-10 18:49:33',0000000001,'2016-10-10 18:49:33',0000000001,NULL,0000000000),(0000000008,'01.06.00000','Piutang Panjar',0000000007,NULL,0,'---','2016-10-10 18:49:33',0000000001,'2016-10-10 18:49:33',0000000001,'2016-10-10 18:49:33',0000000001,NULL,0000000000),(0000000009,'01.07.00000','Piutang Lainnya',0000000008,NULL,0,'---','2016-10-10 18:49:33',0000000001,'2016-10-10 18:49:33',0000000001,'2016-10-10 18:49:33',0000000001,NULL,0000000000),(0000000010,'01.08.00000','Biaya Dibayar dimuka',0000000009,NULL,0,'---','2016-10-10 18:49:33',0000000001,'2016-10-10 18:49:33',0000000001,'2016-10-10 18:49:33',0000000001,NULL,0000000000),(0000000011,'01.08.00001','Asuransi Dibayar dimuka',0000000009,NULL,0,'---','2016-10-10 18:49:33',0000000001,'2016-10-10 18:49:33',0000000001,'2016-10-10 18:49:33',0000000001,NULL,0000000000),(0000000012,'01.08.00002','Biaya Sewa Dibayar dimuka',0000000009,NULL,0,'---','2016-10-10 18:49:33',0000000001,'2016-10-10 18:49:33',0000000001,'2016-10-10 18:49:33',0000000001,NULL,0000000000),(0000000013,'01.09.00000','Panjar Pembelian Aktiva',0000000010,NULL,0,'---','2016-10-10 18:49:33',0000000001,'2016-10-10 18:49:33',0000000001,'2016-10-10 18:49:33',0000000001,NULL,0000000000),(0000000014,'01.10.00000','Panjar Pembelian Dagang',0000000011,NULL,0,'---','2016-10-10 18:49:33',0000000001,'2016-10-10 18:49:33',0000000001,'2016-10-10 18:49:33',0000000001,NULL,0000000000),(0000000015,'01.11.00000','Persediaan Barang Dagang',0000000012,NULL,0,'---','2016-10-10 18:49:33',0000000001,'2016-10-10 18:49:33',0000000001,'2016-10-10 18:49:33',0000000001,NULL,0000000000),(0000000016,'01.13.00000','Persediaan Bahan Baku',0000000013,NULL,0,'---','2016-10-10 18:49:33',0000000001,'2016-10-10 18:49:33',0000000001,'2016-10-10 18:49:33',0000000001,NULL,0000000000),(0000000017,'01.15.00000','Persediaan Dalam Proses',0000000014,NULL,0,'---','2016-10-10 18:49:33',0000000001,'2016-10-10 18:49:33',0000000001,'2016-10-10 18:49:33',0000000001,NULL,0000000000),(0000000018,'01.16.00000','Persediaan Dalam Perjalanan',0000000015,NULL,0,'---','2016-10-10 18:49:33',0000000001,'2016-10-10 18:49:33',0000000001,'2016-10-10 18:49:33',0000000001,NULL,0000000000),(0000000019,'01.17.00000','Giro Terima',0000000016,NULL,0,'---','2016-10-10 18:49:33',0000000001,'2016-10-10 18:49:33',0000000001,'2016-10-10 18:49:33',0000000001,NULL,0000000000),(0000000020,'01.18.00000','Pajak Masukan',0000000017,NULL,0,'---','2016-10-10 18:49:33',0000000001,'2016-10-10 18:49:33',0000000001,'2016-10-10 18:49:33',0000000001,NULL,0000000000),(0000000021,'01.19.00000','Investasi Jangka Pendek',0000000018,NULL,0,'---','2016-10-10 18:49:33',0000000001,'2016-10-10 18:49:33',0000000001,'2016-10-10 18:49:33',0000000001,NULL,0000000000),(0000000022,'01.20.00000','Aktiva Lancar Lainnya',0000000019,NULL,0,'---','2016-10-10 18:49:33',0000000001,'2016-10-10 18:49:33',0000000001,'2016-10-10 18:49:33',0000000001,NULL,0000000000),(0000000023,'02.00.00000','Aktiva Tidak Lancar',0000000020,NULL,0,'---','2016-10-10 18:49:33',0000000001,'2016-10-10 18:49:33',0000000001,'2016-10-10 18:49:33',0000000001,NULL,0000000000),(0000000024,'02.01.00000','Tanah',0000000021,NULL,0,'---','2016-10-10 18:49:33',0000000001,'2016-10-10 18:49:33',0000000001,'2016-10-10 18:49:33',0000000001,NULL,0000000000),(0000000025,'02.02.00000','Bangunan',0000000022,NULL,0,'---','2016-10-10 18:49:33',0000000001,'2016-10-10 18:49:33',0000000001,'2016-10-10 18:49:33',0000000001,NULL,0000000000),(0000000026,'02.03.00000','Mesin',0000000023,NULL,0,'---','2016-10-10 18:49:33',0000000001,'2016-10-10 18:49:33',0000000001,'2016-10-10 18:49:33',0000000001,NULL,0000000000),(0000000027,'02.04.00000','Kendaraan',0000000024,NULL,0,'---','2016-10-10 18:49:33',0000000001,'2016-10-10 18:49:33',0000000001,'2016-10-10 18:49:33',0000000001,NULL,0000000000),(0000000028,'02.05.00000','Perlengkapan dan Peralatan',0000000025,NULL,0,'---','2016-10-10 18:49:33',0000000001,'2016-10-10 18:49:33',0000000001,'2016-10-10 18:49:33',0000000001,NULL,0000000000),(0000000029,'02.06.00000','Investasi Jangka Panjang',0000000026,NULL,0,'---','2016-10-10 18:49:33',0000000001,'2016-10-10 18:49:33',0000000001,'2016-10-10 18:49:33',0000000001,NULL,0000000000),(0000000030,'02.07.00000','Aktiva Tidak Lancar Lainnya',0000000027,NULL,0,'---','2016-10-10 18:49:33',0000000001,'2016-10-10 18:49:33',0000000001,'2016-10-10 18:49:33',0000000001,NULL,0000000000),(0000000031,'03.00.00000','Passiva Lancar',0000000028,NULL,0,'---','2016-10-10 18:49:33',0000000001,'2016-10-10 18:49:33',0000000001,'2016-10-10 18:49:33',0000000001,NULL,0000000000),(0000000032,'03.01.00000','Hutang Dagang',0000000029,NULL,0,'---','2016-10-10 18:49:33',0000000001,'2016-10-10 18:49:33',0000000001,'2016-10-10 18:49:33',0000000001,NULL,0000000000),(0000000033,'03.02.00000','Hutang Jasa',0000000030,NULL,0,'---','2016-10-10 18:49:33',0000000001,'2016-10-10 18:49:33',0000000001,'2016-10-10 18:49:33',0000000001,NULL,0000000000),(0000000034,'03.03.00000','Hutang Pembelian Aktiva',0000000031,NULL,0,'---','2016-10-10 18:49:33',0000000001,'2016-10-10 18:49:33',0000000001,'2016-10-10 18:49:33',0000000001,NULL,0000000000),(0000000035,'03.04.00000','Hutang Panjar',0000000032,NULL,0,'---','2016-10-10 18:49:33',0000000001,'2016-10-10 18:49:33',0000000001,'2016-10-10 18:49:33',0000000001,NULL,0000000000),(0000000036,'03.05.00000','Pinjaman Jangka Pendek',0000000033,NULL,0,'---','2016-10-10 18:49:33',0000000001,'2016-10-10 18:49:33',0000000001,'2016-10-10 18:49:33',0000000001,NULL,0000000000),(0000000037,'03.06.00000','Hutang Lainnya',0000000034,NULL,0,'---','2016-10-10 18:49:33',0000000001,'2016-10-10 18:49:33',0000000001,'2016-10-10 18:49:33',0000000001,NULL,0000000000),(0000000038,'03.07.00000','Giro Bayar',0000000035,NULL,0,'---','2016-10-10 18:49:33',0000000001,'2016-10-10 18:49:33',0000000001,'2016-10-10 18:49:33',0000000001,NULL,0000000000),(0000000039,'03.08.00000','Panjar Penjualan Aktiva',0000000036,NULL,0,'---','2016-10-10 18:49:33',0000000001,'2016-10-10 18:49:33',0000000001,'2016-10-10 18:49:33',0000000001,NULL,0000000000),(0000000040,'03.09.00000','Panjar Penjualan Dagang',0000000037,NULL,0,'---','2016-10-10 18:49:33',0000000001,'2016-10-10 18:49:33',0000000001,'2016-10-10 18:49:33',0000000001,NULL,0000000000),(0000000041,'03.10.00000','Pajak Keluaran',0000000038,NULL,0,'---','2016-10-10 18:49:33',0000000001,'2016-10-10 18:49:33',0000000001,'2016-10-10 18:49:33',0000000001,NULL,0000000000),(0000000042,'03.11.00000','Passiva Lancar Lainnya',0000000039,NULL,0,'---','2016-10-10 18:49:33',0000000001,'2016-10-10 18:49:33',0000000001,'2016-10-10 18:49:33',0000000001,NULL,0000000000),(0000000043,'04.00.00000','Passiva Tidak Lancar',0000000040,NULL,0,'---','2016-10-10 18:49:33',0000000001,'2016-10-10 18:49:33',0000000001,'2016-10-10 18:49:33',0000000001,NULL,0000000000),(0000000044,'04.01.00000','Pinjaman Jangka Panjang',0000000041,NULL,0,'---','2016-10-10 18:49:33',0000000001,'2016-10-10 18:49:33',0000000001,'2016-10-10 18:49:33',0000000001,NULL,0000000000),(0000000045,'04.02.00000','Passiva Tidak Lancar Lainnya',0000000042,NULL,0,'---','2016-10-10 18:49:33',0000000001,'2016-10-10 18:49:33',0000000001,'2016-10-10 18:49:33',0000000001,NULL,0000000000),(0000000046,'05.00.00000','Modal',0000000043,NULL,0,'---','2016-10-10 18:49:33',0000000001,'2016-10-10 18:49:33',0000000001,'2016-10-10 18:49:33',0000000001,NULL,0000000000),(0000000047,'05.01.00000','Dividend',0000000044,NULL,0,'---','2016-10-10 18:49:33',0000000001,'2016-10-10 18:49:33',0000000001,'2016-10-10 18:49:33',0000000001,NULL,0000000000),(0000000048,'05.02.00000','Prive',0000000045,NULL,0,'---','2016-10-10 18:49:33',0000000001,'2016-10-10 18:49:33',0000000001,'2016-10-10 18:49:33',0000000001,NULL,0000000000),(0000000049,'05.02.00001','Prive Pemilik',0000000045,NULL,0,'---','2016-10-10 18:49:33',0000000001,'2016-10-10 18:49:33',0000000001,'2016-10-10 18:49:33',0000000001,NULL,0000000000),(0000000050,'05.03.00000','Investasi',0000000046,NULL,0,'---','2016-10-10 18:49:33',0000000001,'2016-10-10 18:49:33',0000000001,'2016-10-10 18:49:33',0000000001,NULL,0000000000),(0000000051,'05.03.00001','Investasi Pemilik',0000000046,NULL,0,'---','2016-10-10 18:49:33',0000000001,'2016-10-10 18:49:33',0000000001,'2016-10-10 18:49:33',0000000001,NULL,0000000000),(0000000052,'05.04.00000','Modal Lainnya',0000000047,NULL,0,'---','2016-10-10 18:49:33',0000000001,'2016-10-10 18:49:33',0000000001,'2016-10-10 18:49:33',0000000001,NULL,0000000000),(0000000053,'05.05.00000','Modal Persediaan',0000000048,NULL,0,'---','2016-10-10 18:49:33',0000000001,'2016-10-10 18:49:33',0000000001,'2016-10-10 18:49:33',0000000001,NULL,0000000000),(0000000054,'06.00.00000','Penjualan',0000000049,NULL,0,'---','2016-10-10 18:49:33',0000000001,'2016-10-10 18:49:33',0000000001,'2016-10-10 18:49:33',0000000001,NULL,0000000000),(0000000055,'06.01.00000','Pedapatan Penjualan Dagang',0000000050,NULL,0,'---','2016-10-10 18:49:33',0000000001,'2016-10-10 18:49:33',0000000001,'2016-10-10 18:49:33',0000000001,NULL,0000000000),(0000000056,'06.02.00000','Potongan Penjualan Dagang',0000000051,NULL,0,'---','2016-10-10 18:49:33',0000000001,'2016-10-10 18:49:33',0000000001,'2016-10-10 18:49:33',0000000001,NULL,0000000000),(0000000057,'06.03.00000','Potongan Faktur Penjualan',0000000052,NULL,0,'---','2016-10-10 18:49:33',0000000001,'2016-10-10 18:49:33',0000000001,'2016-10-10 18:49:33',0000000001,NULL,0000000000),(0000000058,'06.04.00000','Retur Penjualan Dagang',0000000053,NULL,0,'---','2016-10-10 18:49:33',0000000001,'2016-10-10 18:49:33',0000000001,'2016-10-10 18:49:33',0000000001,NULL,0000000000),(0000000059,'06.05.00000','Pendapatan Penjualan Jasa',0000000054,NULL,0,'---','2016-10-10 18:49:33',0000000001,'2016-10-10 18:49:33',0000000001,'2016-10-10 18:49:33',0000000001,NULL,0000000000),(0000000060,'06.06.00000','Potongan Penjualan Jasa',0000000055,NULL,0,'---','2016-10-10 18:49:33',0000000001,'2016-10-10 18:49:33',0000000001,'2016-10-10 18:49:33',0000000001,NULL,0000000000),(0000000061,'06.07.00000','Pendapatan Penjualan Barang Produksi',0000000056,NULL,0,'---','2016-10-10 18:49:33',0000000001,'2016-10-10 18:49:33',0000000001,'2016-10-10 18:49:33',0000000001,NULL,0000000000),(0000000062,'06.08.00000','Potongan Penjualan Barang Produksi',0000000057,NULL,0,'---','2016-10-10 18:49:33',0000000001,'2016-10-10 18:49:33',0000000001,'2016-10-10 18:49:33',0000000001,NULL,0000000000),(0000000063,'06.09.00000','Retur Penjualan Barang Produksi',0000000058,NULL,0,'---','2016-10-10 18:49:33',0000000001,'2016-10-10 18:49:33',0000000001,'2016-10-10 18:49:33',0000000001,NULL,0000000000),(0000000064,'06.10.00000','Pendapatan Dari Potongan Faktur Pembelian',0000000059,NULL,0,'---','2016-10-10 18:49:33',0000000001,'2016-10-10 18:49:33',0000000001,'2016-10-10 18:49:33',0000000001,NULL,0000000000),(0000000065,'06.11.00000','Pendapatan Penjualan Lainnya',0000000060,NULL,0,'---','2016-10-10 18:49:33',0000000001,'2016-10-10 18:49:33',0000000001,'2016-10-10 18:49:33',0000000001,NULL,0000000000),(0000000066,'06.11.00001','Pendapatan Kurs',0000000060,NULL,0,'---','2016-10-10 18:49:33',0000000001,'2016-10-10 18:49:33',0000000001,'2016-10-10 18:49:33',0000000001,NULL,0000000000),(0000000067,'07.00.00000','Harga Pokok Penjualan',0000000061,NULL,0,'---','2016-10-10 18:49:33',0000000001,'2016-10-10 18:49:33',0000000001,'2016-10-10 18:49:33',0000000001,NULL,0000000000),(0000000068,'07.01.00000','Harga Pokok Penjualan',0000000061,NULL,0,'---','2016-10-10 18:49:33',0000000001,'2016-10-10 18:49:33',0000000001,'2016-10-10 18:49:33',0000000001,NULL,0000000000),(0000000069,'07.02.00000','Harga Pokok Penjualan - Rusak',0000000061,NULL,0,'---','2016-10-10 18:49:33',0000000001,'2016-10-10 18:49:33',0000000001,'2016-10-10 18:49:33',0000000001,NULL,0000000000),(0000000070,'07.03.00000','Harga Pokok Penjualan - Pemusnahan',0000000061,NULL,0,'---','2016-10-10 18:49:33',0000000001,'2016-10-10 18:49:33',0000000001,'2016-10-10 18:49:33',0000000001,NULL,0000000000),(0000000071,'08.00.00000','Harga Pokok Produksi',0000000062,NULL,0,'---','2016-10-10 18:49:33',0000000001,'2016-10-10 18:49:33',0000000001,'2016-10-10 18:49:33',0000000001,NULL,0000000000),(0000000072,'08.01.00000','Harga Pokok Produksi',0000000062,NULL,0,'---','2016-10-10 18:49:33',0000000001,'2016-10-10 18:49:33',0000000001,'2016-10-10 18:49:33',0000000001,NULL,0000000000),(0000000073,'07.02.00000','Harga Pokok Produksi - Rusak',0000000061,NULL,0,'---','2016-10-10 18:49:33',0000000001,'2016-10-10 18:49:33',0000000001,'2016-10-10 18:49:33',0000000001,NULL,0000000000),(0000000074,'07.03.00000','Harga Pokok Produksi - Pemusnahan',0000000061,NULL,0,'---','2016-10-10 18:49:33',0000000001,'2016-10-10 18:49:33',0000000001,'2016-10-10 18:49:33',0000000001,NULL,0000000000),(0000000075,'09.00.00000','Pembelian',0000000063,NULL,0,'---','2016-10-10 18:49:33',0000000001,'2016-10-10 18:49:33',0000000001,'2016-10-10 18:49:33',0000000001,NULL,0000000000),(0000000076,'09.01.00000','Pembelian Dagang',0000000064,NULL,0,'---','2016-10-10 18:49:33',0000000001,'2016-10-10 18:49:33',0000000001,'2016-10-10 18:49:33',0000000001,NULL,0000000000),(0000000077,'09.02.00000','Potongan Pembelian Dagang',0000000065,NULL,0,'---','2016-10-10 18:49:33',0000000001,'2016-10-10 18:49:33',0000000001,'2016-10-10 18:49:33',0000000001,NULL,0000000000),(0000000078,'09.03.00000','Retur Pembelian Dagang',0000000066,NULL,0,'---','2016-10-10 18:49:33',0000000001,'2016-10-10 18:49:33',0000000001,'2016-10-10 18:49:33',0000000001,NULL,0000000000),(0000000079,'09.04.00000','Pembelian Jasa',0000000067,NULL,0,'---','2016-10-10 18:49:33',0000000001,'2016-10-10 18:49:33',0000000001,'2016-10-10 18:49:33',0000000001,NULL,0000000000),(0000000080,'09.05.00000','Potongan Pembelian Jasa',0000000068,NULL,0,'---','2016-10-10 18:49:33',0000000001,'2016-10-10 18:49:33',0000000001,'2016-10-10 18:49:33',0000000001,NULL,0000000000),(0000000081,'09.06.00000','Pembelian Barang Produksi',0000000069,NULL,0,'---','2016-10-10 18:49:33',0000000001,'2016-10-10 18:49:33',0000000001,'2016-10-10 18:49:33',0000000001,NULL,0000000000),(0000000082,'09.07.00000','Potongan Pembelian Barang Produksi',0000000070,NULL,0,'---','2016-10-10 18:49:33',0000000001,'2016-10-10 18:49:33',0000000001,'2016-10-10 18:49:33',0000000001,NULL,0000000000),(0000000083,'09.08.00000','Retur Pembelian Barang Produksi',0000000071,NULL,0,'---','2016-10-10 18:49:33',0000000001,'2016-10-10 18:49:33',0000000001,'2016-10-10 18:49:33',0000000001,NULL,0000000000),(0000000084,'09.09.00000','Biaya Angkut Pembelian',0000000072,NULL,0,'---','2016-10-10 18:49:33',0000000001,'2016-10-10 18:49:33',0000000001,'2016-10-10 18:49:33',0000000001,NULL,0000000000),(0000000085,'09.10.00000','Pembelian Lainnya',0000000073,NULL,0,'---','2016-10-10 18:49:33',0000000001,'2016-10-10 18:49:33',0000000001,'2016-10-10 18:49:33',0000000001,NULL,0000000000),(0000000086,'10.00.00000','Biaya Operasional',0000000074,NULL,0,'---','2016-10-10 18:49:33',0000000001,'2016-10-10 18:49:33',0000000001,'2016-10-10 18:49:33',0000000001,NULL,0000000000),(0000000087,'10.01.00000','Biaya Pemasaran',0000000075,NULL,0,'---','2016-10-10 18:49:33',0000000001,'2016-10-10 18:49:33',0000000001,'2016-10-10 18:49:33',0000000001,NULL,0000000000),(0000000088,'10.01.00001','Biaya Pemasaran: Iklan',0000000075,NULL,0,'---','2016-10-10 18:49:33',0000000001,'2016-10-10 18:49:33',0000000001,'2016-10-10 18:49:33',0000000001,NULL,0000000000),(0000000089,'10.01.00002','Biaya Pemasaran: BBM Kendaraan',0000000075,NULL,0,'---','2016-10-10 18:49:33',0000000001,'2016-10-10 18:49:33',0000000001,'2016-10-10 18:49:33',0000000001,NULL,0000000000),(0000000090,'10.01.00003','Biaya Pemasaran: Perjalanan',0000000075,NULL,0,'---','2016-10-10 18:49:33',0000000001,'2016-10-10 18:49:33',0000000001,'2016-10-10 18:49:33',0000000001,NULL,0000000000),(0000000091,'10.01.00004','Biaya Pemasaran: Voucher Handphone',0000000075,NULL,0,'---','2016-10-10 18:49:33',0000000001,'2016-10-10 18:49:33',0000000001,'2016-10-10 18:49:33',0000000001,NULL,0000000000),(0000000092,'10.01.00005','Biaya Pemasaran: Perlengkapan',0000000075,NULL,0,'---','2016-10-10 18:49:33',0000000001,'2016-10-10 18:49:33',0000000001,'2016-10-10 18:49:33',0000000001,NULL,0000000000),(0000000093,'10.02.00000','Biaya Administrasi',0000000076,NULL,0,'---','2016-10-10 18:49:33',0000000001,'2016-10-10 18:49:33',0000000001,'2016-10-10 18:49:33',0000000001,NULL,0000000000),(0000000094,'10.02.00001','Biaya Administrasi : Materai',0000000076,NULL,0,'---','2016-10-10 18:49:33',0000000001,'2016-10-10 18:49:33',0000000001,'2016-10-10 18:49:33',0000000001,NULL,0000000000),(0000000095,'10.02.00002','Biaya Administrasi : Bank',0000000076,NULL,0,'---','2016-10-10 18:49:33',0000000001,'2016-10-10 18:49:33',0000000001,'2016-10-10 18:49:33',0000000001,NULL,0000000000),(0000000096,'10.02.00003','Biaya Administrasi : Bunga Bank',0000000076,NULL,0,'---','2016-10-10 18:49:33',0000000001,'2016-10-10 18:49:33',0000000001,'2016-10-10 18:49:33',0000000001,NULL,0000000000),(0000000097,'10.02.00004','Biaya Administrasi : Selisih Kurs',0000000076,NULL,0,'---','2016-10-10 18:49:33',0000000001,'2016-10-10 18:49:33',0000000001,'2016-10-10 18:49:33',0000000001,NULL,0000000000),(0000000098,'10.03.00000','Biaya Sumber Daya Manusia',0000000077,NULL,0,'---','2016-10-10 18:49:33',0000000001,'2016-10-10 18:49:33',0000000001,'2016-10-10 18:49:33',0000000001,NULL,0000000000),(0000000099,'10.03.00001','Biaya Sumber Daya Manusia : Gaji',0000000077,NULL,0,'---','2016-10-10 18:49:33',0000000001,'2016-10-10 18:49:33',0000000001,'2016-10-10 18:49:33',0000000001,NULL,0000000000),(0000000100,'10.03.00002','Biaya Sumber Daya Manusia : Pelatihan',0000000077,NULL,0,'---','2016-10-10 18:49:33',0000000001,'2016-10-10 18:49:33',0000000001,'2016-10-10 18:49:33',0000000001,NULL,0000000000),(0000000101,'10.03.00003','Biaya Sumber Daya Manusia : Hiburan',0000000077,NULL,0,'---','2016-10-10 18:49:33',0000000001,'2016-10-10 18:49:33',0000000001,'2016-10-10 18:49:33',0000000001,NULL,0000000000),(0000000102,'10.03.00004','Biaya Sumber Daya Manusia : Tunjangan',0000000077,NULL,0,'---','2016-10-10 18:49:33',0000000001,'2016-10-10 18:49:33',0000000001,'2016-10-10 18:49:33',0000000001,NULL,0000000000),(0000000103,'10.04.00000','Biaya Teknologi',0000000078,NULL,0,'---','2016-10-10 18:49:33',0000000001,'2016-10-10 18:49:33',0000000001,'2016-10-10 18:49:33',0000000001,NULL,0000000000),(0000000104,'10.04.00001','Biaya Teknologi : Hardware',0000000078,NULL,0,'---','2016-10-10 18:49:33',0000000001,'2016-10-10 18:49:33',0000000001,'2016-10-10 18:49:33',0000000001,NULL,0000000000),(0000000105,'10.04.00001','Biaya Teknologi : Software',0000000078,NULL,0,'---','2016-10-10 18:49:33',0000000001,'2016-10-10 18:49:33',0000000001,'2016-10-10 18:49:33',0000000001,NULL,0000000000),(0000000106,'10.05.00000','Biaya Umum',0000000079,NULL,0,'---','2016-10-10 18:49:33',0000000001,'2016-10-10 18:49:33',0000000001,'2016-10-10 18:49:33',0000000001,NULL,0000000000),(0000000107,'10.05.00001','Biaya Umum : Air',0000000079,NULL,0,'---','2016-10-10 18:49:33',0000000001,'2016-10-10 18:49:33',0000000001,'2016-10-10 18:49:33',0000000001,NULL,0000000000),(0000000108,'10.05.00002','Biaya Umum : Listrik',0000000079,NULL,0,'---','2016-10-10 18:49:33',0000000001,'2016-10-10 18:49:33',0000000001,'2016-10-10 18:49:33',0000000001,NULL,0000000000),(0000000109,'10.05.00003','Biaya Umum : Telepon',0000000079,NULL,0,'---','2016-10-10 18:49:33',0000000001,'2016-10-10 18:49:33',0000000001,'2016-10-10 18:49:33',0000000001,NULL,0000000000),(0000000110,'10.05.00004','Biaya Umum : Gas',0000000079,NULL,0,'---','2016-10-10 18:49:33',0000000001,'2016-10-10 18:49:33',0000000001,'2016-10-10 18:49:33',0000000001,NULL,0000000000),(0000000111,'10.05.00005','Biaya Umum : BBM',0000000079,NULL,0,'---','2016-10-10 18:49:33',0000000001,'2016-10-10 18:49:33',0000000001,'2016-10-10 18:49:33',0000000001,NULL,0000000000),(0000000112,'10.05.00006','Biaya Umum : Keamanan',0000000079,NULL,0,'---','2016-10-10 18:49:33',0000000001,'2016-10-10 18:49:33',0000000001,'2016-10-10 18:49:33',0000000001,NULL,0000000000),(0000000113,'10.05.00007','Biaya Umum : Parkir',0000000079,NULL,0,'---','2016-10-10 18:49:33',0000000001,'2016-10-10 18:49:33',0000000001,'2016-10-10 18:49:33',0000000001,NULL,0000000000),(0000000114,'10.05.00008','Biaya Umum : Konsumsi',0000000079,NULL,0,'---','2016-10-10 18:49:33',0000000001,'2016-10-10 18:49:33',0000000001,'2016-10-10 18:49:33',0000000001,NULL,0000000000),(0000000115,'10.05.00009','Biaya Umum : Media Informasi',0000000079,NULL,0,'---','2016-10-10 18:49:33',0000000001,'2016-10-10 18:49:33',0000000001,'2016-10-10 18:49:33',0000000001,NULL,0000000000),(0000000116,'10.05.00010','Biaya Umum : Perlengkapan Kantor',0000000079,NULL,0,'---','2016-10-10 18:49:33',0000000001,'2016-10-10 18:49:33',0000000001,'2016-10-10 18:49:33',0000000001,NULL,0000000000),(0000000117,'10.05.00012','Biaya Umum : Perawatan Bangunan',0000000079,NULL,0,'---','2016-10-10 18:49:33',0000000001,'2016-10-10 18:49:33',0000000001,'2016-10-10 18:49:33',0000000001,NULL,0000000000),(0000000118,'10.05.00013','Biaya Umum : Perawatan Kendaraan',0000000079,NULL,0,'---','2016-10-10 18:49:33',0000000001,'2016-10-10 18:49:33',0000000001,'2016-10-10 18:49:33',0000000001,NULL,0000000000),(0000000119,'10.05.00014','Biaya Umum : Pemusnahan Persediaan',0000000079,NULL,0,'---','2016-10-10 18:49:33',0000000001,'2016-10-10 18:49:33',0000000001,'2016-10-10 18:49:33',0000000001,NULL,0000000000),(0000000120,'10.05.00015','Biaya Umum : Toiletries',0000000079,NULL,0,'---','2016-10-10 18:49:33',0000000001,'2016-10-10 18:49:33',0000000001,'2016-10-10 18:49:33',0000000001,NULL,0000000000),(0000000121,'10.06.00000','Biaya Pemakaian Internal',0000000086,NULL,0,'---','2016-10-10 18:49:33',0000000001,'2016-10-10 18:49:33',0000000001,'2016-10-10 18:49:33',0000000001,NULL,0000000000),(0000000122,'11.00.00000','Biaya Produksi',0000000081,NULL,0,'---','2016-10-10 18:49:33',0000000001,'2016-10-10 18:49:33',0000000001,'2016-10-10 18:49:33',0000000001,NULL,0000000000),(0000000123,'11.00.00001','Biaya Produksi : Upah Buruh',0000000081,NULL,0,'---','2016-10-10 18:49:33',0000000001,'2016-10-10 18:49:33',0000000001,'2016-10-10 18:49:33',0000000001,NULL,0000000000),(0000000124,'11.00.00002','Biaya Produksi : BBM Mesin',0000000081,NULL,0,'---','2016-10-10 18:49:33',0000000001,'2016-10-10 18:49:33',0000000001,'2016-10-10 18:49:33',0000000001,NULL,0000000000),(0000000125,'11.01.00000','Biaya Produksi : Lainnya',0000000082,NULL,0,'---','2016-10-10 18:49:33',0000000001,'2016-10-10 18:49:33',0000000001,'2016-10-10 18:49:33',0000000001,NULL,0000000000),(0000000126,'12.00.00000','Biaya Pajak',0000000083,NULL,0,'---','2016-10-10 18:49:33',0000000001,'2016-10-10 18:49:33',0000000001,'2016-10-10 18:49:33',0000000001,NULL,0000000000),(0000000127,'12.00.00001','Biaya Pajak : PPn',0000000083,NULL,0,'---','2016-10-10 18:49:33',0000000001,'2016-10-10 18:49:33',0000000001,'2016-10-10 18:49:33',0000000001,NULL,0000000000),(0000000128,'12.00.00002','Biaya Pajak : Bunga Bank',0000000083,NULL,0,'---','2016-10-10 18:49:33',0000000001,'2016-10-10 18:49:33',0000000001,'2016-10-10 18:49:33',0000000001,NULL,0000000000),(0000000129,'12.00.00003','Biaya Pajak : Lainnya',0000000084,NULL,0,'---','2016-10-10 18:49:33',0000000001,'2016-10-10 18:49:33',0000000001,'2016-10-10 18:49:33',0000000001,NULL,0000000000),(0000000130,'13.00.00000','Lainnya',0000000085,NULL,0,'---','2016-10-10 18:49:33',0000000001,'2016-10-10 18:49:33',0000000001,'2016-10-10 18:49:33',0000000001,NULL,0000000000),(0000000131,'13.00.00001','Ikhtisar L/R',0000000085,NULL,0,'---','2016-10-10 18:49:33',0000000001,'2016-10-10 18:49:33',0000000001,'2016-10-10 18:49:33',0000000001,NULL,0000000000);
/*!40000 ALTER TABLE `account_chart` ENABLE KEYS */;
UNLOCK TABLES;

--
-- Table structure for table `account_group`
--

DROP TABLE IF EXISTS `account_group`;
/*!40101 SET @saved_cs_client     = @@character_set_client */;
/*!40101 SET character_set_client = utf8 */;
CREATE TABLE `account_group` (
  `record_id` int(10) unsigned zerofill NOT NULL AUTO_INCREMENT,
  `account_group_name` tinyint(4) DEFAULT NULL,
  `account_group_sub_name` varchar(50) DEFAULT NULL,
  `note` varchar(200) DEFAULT NULL,
  `void_status` tinyint(1) DEFAULT NULL,
  `void_note` varchar(200) DEFAULT NULL,
  `create_datetime` datetime DEFAULT NULL,
  `create_by_record_id` int(10) unsigned zerofill DEFAULT NULL,
  `authorize_datetime` datetime DEFAULT NULL,
  `authorize_by_record_id` int(10) unsigned zerofill DEFAULT NULL,
  `edit_datetime` datetime DEFAULT NULL,
  `edit_by_record_id` int(10) unsigned zerofill DEFAULT NULL,
  `delete_datetime` datetime DEFAULT NULL,
  `delete_by_record_id` int(10) unsigned zerofill DEFAULT NULL,
  PRIMARY KEY (`record_id`) USING BTREE
) ENGINE=MyISAM AUTO_INCREMENT=87 DEFAULT CHARSET=latin1 COMMENT='Account Chart Group';
/*!40101 SET character_set_client = @saved_cs_client */;

--
-- Dumping data for table `account_group`
--

LOCK TABLES `account_group` WRITE;
/*!40000 ALTER TABLE `account_group` DISABLE KEYS */;
INSERT INTO `account_group` VALUES (0000000001,0,'---','1',0,'---','2016-10-10 18:49:33',0000000001,'2016-10-10 18:49:33',0000000001,'2016-10-10 18:49:33',0000000001,NULL,0000000000),(0000000002,0,'Kas','1',0,'---','2016-10-10 18:49:33',0000000001,'2016-10-10 18:49:33',0000000001,'2016-10-10 18:49:33',0000000001,NULL,0000000000),(0000000003,0,'Bank','1',0,'---','2016-10-10 18:49:33',0000000001,'2016-10-10 18:49:33',0000000001,'2016-10-10 18:49:33',0000000001,NULL,0000000000),(0000000004,0,'Piutang Dagang','1',0,'---','2016-10-10 18:49:33',0000000001,'2016-10-10 18:49:33',0000000001,'2016-10-10 18:49:33',0000000001,NULL,0000000000),(0000000005,0,'Piutang Jasa','1',0,'---','2016-10-10 18:49:33',0000000001,'2016-10-10 18:49:33',0000000001,'2016-10-10 18:49:33',0000000001,NULL,0000000000),(0000000006,0,'Piutang Penjualan Aktiva','1',0,'---','2016-10-10 18:49:33',0000000001,'2016-10-10 18:49:33',0000000001,'2016-10-10 18:49:33',0000000001,NULL,0000000000),(0000000007,0,'Piutang Panjar','1',0,'---','2016-10-10 18:49:33',0000000001,'2016-10-10 18:49:33',0000000001,'2016-10-10 18:49:33',0000000001,NULL,0000000000),(0000000008,0,'Piutang Lainnya','1',0,'---','2016-10-10 18:49:33',0000000001,'2016-10-10 18:49:33',0000000001,'2016-10-10 18:49:33',0000000001,NULL,0000000000),(0000000009,0,'Biaya Dibayar Dimuka','1',0,'---','2016-10-10 18:49:33',0000000001,'2016-10-10 18:49:33',0000000001,'2016-10-10 18:49:33',0000000001,NULL,0000000000),(0000000010,0,'Panjar Pembelian Aktiva','1',0,'---','2016-10-10 18:49:33',0000000001,'2016-10-10 18:49:33',0000000001,'2016-10-10 18:49:33',0000000001,NULL,0000000000),(0000000011,0,'Panjar Pembelian Dagang','1',0,'---','2016-10-10 18:49:33',0000000001,'2016-10-10 18:49:33',0000000001,'2016-10-10 18:49:33',0000000001,NULL,0000000000),(0000000012,0,'Persediaan Barang Dagang','1',0,'---','2016-10-10 18:49:33',0000000001,'2016-10-10 18:49:33',0000000001,'2016-10-10 18:49:33',0000000001,NULL,0000000000),(0000000013,0,'Persediaan Bahan Baku','1',0,'---','2016-10-10 18:49:33',0000000001,'2016-10-10 18:49:33',0000000001,'2016-10-10 18:49:33',0000000001,NULL,0000000000),(0000000014,0,'Persediaan Dalam Proses','1',0,'---','2016-10-10 18:49:33',0000000001,'2016-10-10 18:49:33',0000000001,'2016-10-10 18:49:33',0000000001,NULL,0000000000),(0000000015,0,'Persediaan Dalam Perjalanan','1',0,'---','2016-10-10 18:49:33',0000000001,'2016-10-10 18:49:33',0000000001,'2016-10-10 18:49:33',0000000001,NULL,0000000000),(0000000016,0,'Giro Mundur Terima','1',0,'---','2016-10-10 18:49:33',0000000001,'2016-10-10 18:49:33',0000000001,'2016-10-10 18:49:33',0000000001,NULL,0000000000),(0000000017,0,'Pajak Masukan','1',0,'---','2016-10-10 18:49:33',0000000001,'2016-10-10 18:49:33',0000000001,'2016-10-10 18:49:33',0000000001,NULL,0000000000),(0000000018,0,'Investasi Jangka Pendek','1',0,'---','2016-10-10 18:49:33',0000000001,'2016-10-10 18:49:33',0000000001,'2016-10-10 18:49:33',0000000001,NULL,0000000000),(0000000019,0,'Lainnya','1',0,'---','2016-10-10 18:49:33',0000000001,'2016-10-10 18:49:33',0000000001,'2016-10-10 18:49:33',0000000001,NULL,0000000000),(0000000020,1,'---','1',0,'---','2016-10-10 18:49:33',0000000001,'2016-10-10 18:49:33',0000000001,'2016-10-10 18:49:33',0000000001,NULL,0000000000),(0000000021,1,'Tanah','1',0,'---','2016-10-10 18:49:33',0000000001,'2016-10-10 18:49:33',0000000001,'2016-10-10 18:49:33',0000000001,NULL,0000000000),(0000000022,1,'Bangunan','1',0,'---','2016-10-10 18:49:33',0000000001,'2016-10-10 18:49:33',0000000001,'2016-10-10 18:49:33',0000000001,NULL,0000000000),(0000000023,1,'Mesin','1',0,'---','2016-10-10 18:49:33',0000000001,'2016-10-10 18:49:33',0000000001,'2016-10-10 18:49:33',0000000001,NULL,0000000000),(0000000024,1,'Kendaraan','1',0,'---','2016-10-10 18:49:33',0000000001,'2016-10-10 18:49:33',0000000001,'2016-10-10 18:49:33',0000000001,NULL,0000000000),(0000000025,1,'Perlengkapan dan Peralatan','1',0,'---','2016-10-10 18:49:33',0000000001,'2016-10-10 18:49:33',0000000001,'2016-10-10 18:49:33',0000000001,NULL,0000000000),(0000000026,1,'Investasi Jangka Panjang','1',0,'---','2016-10-10 18:49:33',0000000001,'2016-10-10 18:49:33',0000000001,'2016-10-10 18:49:33',0000000001,NULL,0000000000),(0000000027,1,'Lainnya','1',0,'---','2016-10-10 18:49:33',0000000001,'2016-10-10 18:49:33',0000000001,'2016-10-10 18:49:33',0000000001,NULL,0000000000),(0000000028,2,'---','1',0,'---','2016-10-10 18:49:33',0000000001,'2016-10-10 18:49:33',0000000001,'2016-10-10 18:49:33',0000000001,NULL,0000000000),(0000000029,2,'Hutang Dagang','1',0,'---','2016-10-10 18:49:33',0000000001,'2016-10-10 18:49:33',0000000001,'2016-10-10 18:49:33',0000000001,NULL,0000000000),(0000000030,2,'Hutang Jasa','1',0,'---','2016-10-10 18:49:33',0000000001,'2016-10-10 18:49:33',0000000001,'2016-10-10 18:49:33',0000000001,NULL,0000000000),(0000000031,2,'Hutang Pembelian Aktiva','1',0,'---','2016-10-10 18:49:33',0000000001,'2016-10-10 18:49:33',0000000001,'2016-10-10 18:49:33',0000000001,NULL,0000000000),(0000000032,2,'Hutang Panjar','1',0,'---','2016-10-10 18:49:33',0000000001,'2016-10-10 18:49:33',0000000001,'2016-10-10 18:49:33',0000000001,NULL,0000000000),(0000000033,2,'Pinjaman Jangka Pendek','1',0,'---','2016-10-10 18:49:33',0000000001,'2016-10-10 18:49:33',0000000001,'2016-10-10 18:49:33',0000000001,NULL,0000000000),(0000000034,2,'Hutang Lainnya','1',0,'---','2016-10-10 18:49:33',0000000001,'2016-10-10 18:49:33',0000000001,'2016-10-10 18:49:33',0000000001,NULL,0000000000),(0000000035,2,'Giro Mundur Bayar','1',0,'---','2016-10-10 18:49:33',0000000001,'2016-10-10 18:49:33',0000000001,'2016-10-10 18:49:33',0000000001,NULL,0000000000),(0000000036,2,'Panjar Penjualan Aktiva','1',0,'---','2016-10-10 18:49:33',0000000001,'2016-10-10 18:49:33',0000000001,'2016-10-10 18:49:33',0000000001,NULL,0000000000),(0000000037,2,'Panjar Penjualan Dagang','1',0,'---','2016-10-10 18:49:33',0000000001,'2016-10-10 18:49:33',0000000001,'2016-10-10 18:49:33',0000000001,NULL,0000000000),(0000000038,2,'Pajak Keluaran','1',0,'---','2016-10-10 18:49:33',0000000001,'2016-10-10 18:49:33',0000000001,'2016-10-10 18:49:33',0000000001,NULL,0000000000),(0000000039,2,'Lainnya','1',0,'---','2016-10-10 18:49:33',0000000001,'2016-10-10 18:49:33',0000000001,'2016-10-10 18:49:33',0000000001,NULL,0000000000),(0000000040,3,'---','1',0,'---','2016-10-10 18:49:33',0000000001,'2016-10-10 18:49:33',0000000001,'2016-10-10 18:49:33',0000000001,NULL,0000000000),(0000000041,3,'Pinjaman Jangka Panjang','1',0,'---','2016-10-10 18:49:33',0000000001,'2016-10-10 18:49:33',0000000001,'2016-10-10 18:49:33',0000000001,NULL,0000000000),(0000000042,3,'Lainnya','1',0,'---','2016-10-10 18:49:33',0000000001,'2016-10-10 18:49:33',0000000001,'2016-10-10 18:49:33',0000000001,NULL,0000000000),(0000000043,4,'---','1',0,'---','2016-10-10 18:49:33',0000000001,'2016-10-10 18:49:33',0000000001,'2016-10-10 18:49:33',0000000001,NULL,0000000000),(0000000044,4,'Deviden','1',0,'---','2016-10-10 18:49:33',0000000001,'2016-10-10 18:49:33',0000000001,'2016-10-10 18:49:33',0000000001,NULL,0000000000),(0000000045,4,'Prive','1',0,'---','2016-10-10 18:49:33',0000000001,'2016-10-10 18:49:33',0000000001,'2016-10-10 18:49:33',0000000001,NULL,0000000000),(0000000046,4,'Investasi','1',0,'---','2016-10-10 18:49:33',0000000001,'2016-10-10 18:49:33',0000000001,'2016-10-10 18:49:33',0000000001,NULL,0000000000),(0000000047,4,'Lainnya','1',0,'---','2016-10-10 18:49:33',0000000001,'2016-10-10 18:49:33',0000000001,'2016-10-10 18:49:33',0000000001,NULL,0000000000),(0000000048,4,'Persediaan','1',0,'---','2016-10-10 18:49:33',0000000001,'2016-10-10 18:49:33',0000000001,'2016-10-10 18:49:33',0000000001,NULL,0000000000),(0000000049,5,'---','1',0,'---','2016-10-10 18:49:33',0000000001,'2016-10-10 18:49:33',0000000001,'2016-10-10 18:49:33',0000000001,NULL,0000000000),(0000000050,5,'Dagang','1',0,'---','2016-10-10 18:49:33',0000000001,'2016-10-10 18:49:33',0000000001,'2016-10-10 18:49:33',0000000001,NULL,0000000000),(0000000051,5,'Potongan Dagang','1',0,'---','2016-10-10 18:49:33',0000000001,'2016-10-10 18:49:33',0000000001,'2016-10-10 18:49:33',0000000001,NULL,0000000000),(0000000052,5,'Potongan Faktur Penjualan','1',0,'---','2016-10-10 18:49:33',0000000001,'2016-10-10 18:49:33',0000000001,'2016-10-10 18:49:33',0000000001,NULL,0000000000),(0000000053,5,'Retur Dagang','1',0,'---','2016-10-10 18:49:33',0000000001,'2016-10-10 18:49:33',0000000001,'2016-10-10 18:49:33',0000000001,NULL,0000000000),(0000000054,5,'Jasa','1',0,'---','2016-10-10 18:49:33',0000000001,'2016-10-10 18:49:33',0000000001,'2016-10-10 18:49:33',0000000001,NULL,0000000000),(0000000055,5,'Potongan Jasa','1',0,'---','2016-10-10 18:49:33',0000000001,'2016-10-10 18:49:33',0000000001,'2016-10-10 18:49:33',0000000001,NULL,0000000000),(0000000056,5,'Produksi','1',0,'---','2016-10-10 18:49:33',0000000001,'2016-10-10 18:49:33',0000000001,'2016-10-10 18:49:33',0000000001,NULL,0000000000),(0000000057,5,'Potongan Produksi','1',0,'---','2016-10-10 18:49:33',0000000001,'2016-10-10 18:49:33',0000000001,'2016-10-10 18:49:33',0000000001,NULL,0000000000),(0000000058,5,'Retur Produksi','1',0,'---','2016-10-10 18:49:33',0000000001,'2016-10-10 18:49:33',0000000001,'2016-10-10 18:49:33',0000000001,NULL,0000000000),(0000000059,5,'Potongan Faktur Pembelian','1',0,'---','2016-10-10 18:49:33',0000000001,'2016-10-10 18:49:33',0000000001,'2016-10-10 18:49:33',0000000001,NULL,0000000000),(0000000060,5,'Lainnya','1',0,'---','2016-10-10 18:49:33',0000000001,'2016-10-10 18:49:33',0000000001,'2016-10-10 18:49:33',0000000001,NULL,0000000000),(0000000061,6,'Harga Pokok Penjualan','1',0,'---','2016-10-10 18:49:33',0000000001,'2016-10-10 18:49:33',0000000001,'2016-10-10 18:49:33',0000000001,NULL,0000000000),(0000000062,7,'Harga Pokok Produksi','1',0,'---','2016-10-10 18:49:33',0000000001,'2016-10-10 18:49:33',0000000001,'2016-10-10 18:49:33',0000000001,NULL,0000000000),(0000000063,8,'---','1',0,'---','2016-10-10 18:49:33',0000000001,'2016-10-10 18:49:33',0000000001,'2016-10-10 18:49:33',0000000001,NULL,0000000000),(0000000064,8,'Dagang','1',0,'---','2016-10-10 18:49:33',0000000001,'2016-10-10 18:49:33',0000000001,'2016-10-10 18:49:33',0000000001,NULL,0000000000),(0000000065,8,'Potongan Dagang','1',0,'---','2016-10-10 18:49:33',0000000001,'2016-10-10 18:49:33',0000000001,'2016-10-10 18:49:33',0000000001,NULL,0000000000),(0000000066,8,'Retur Dagang','1',0,'---','2016-10-10 18:49:33',0000000001,'2016-10-10 18:49:33',0000000001,'2016-10-10 18:49:33',0000000001,NULL,0000000000),(0000000067,8,'Jasa','1',0,'---','2016-10-10 18:49:33',0000000001,'2016-10-10 18:49:33',0000000001,'2016-10-10 18:49:33',0000000001,NULL,0000000000),(0000000068,8,'Potongan Jasa','1',0,'---','2016-10-10 18:49:33',0000000001,'2016-10-10 18:49:33',0000000001,'2016-10-10 18:49:33',0000000001,NULL,0000000000),(0000000069,8,'Produksi','1',0,'---','2016-10-10 18:49:33',0000000001,'2016-10-10 18:49:33',0000000001,'2016-10-10 18:49:33',0000000001,NULL,0000000000),(0000000070,8,'Potongan Produksi','1',0,'---','2016-10-10 18:49:33',0000000001,'2016-10-10 18:49:33',0000000001,'2016-10-10 18:49:33',0000000001,NULL,0000000000),(0000000071,8,'Retur  Produksi','1',0,'---','2016-10-10 18:49:33',0000000001,'2016-10-10 18:49:33',0000000001,'2016-10-10 18:49:33',0000000001,NULL,0000000000),(0000000072,8,'Biaya Angkut Pembelian','1',0,'---','2016-10-10 18:49:33',0000000001,'2016-10-10 18:49:33',0000000001,'2016-10-10 18:49:33',0000000001,NULL,0000000000),(0000000073,8,'Lainnya','1',0,'---','2016-10-10 18:49:33',0000000001,'2016-10-10 18:49:33',0000000001,'2016-10-10 18:49:33',0000000001,NULL,0000000000),(0000000074,9,'---','1',0,'---','2016-10-10 18:49:33',0000000001,'2016-10-10 18:49:33',0000000001,'2016-10-10 18:49:33',0000000001,NULL,0000000000),(0000000075,9,'Pemasaran','1',0,'---','2016-10-10 18:49:33',0000000001,'2016-10-10 18:49:33',0000000001,'2016-10-10 18:49:33',0000000001,NULL,0000000000),(0000000076,9,'Adminsitrasi','1',0,'---','2016-10-10 18:49:33',0000000001,'2016-10-10 18:49:33',0000000001,'2016-10-10 18:49:33',0000000001,NULL,0000000000),(0000000077,9,'Sumber Daya Manusia','1',0,'---','2016-10-10 18:49:33',0000000001,'2016-10-10 18:49:33',0000000001,'2016-10-10 18:49:33',0000000001,NULL,0000000000),(0000000078,9,'Teknologi','1',0,'---','2016-10-10 18:49:33',0000000001,'2016-10-10 18:49:33',0000000001,'2016-10-10 18:49:33',0000000001,NULL,0000000000),(0000000079,9,'Umum','1',0,'---','2016-10-10 18:49:33',0000000001,'2016-10-10 18:49:33',0000000001,'2016-10-10 18:49:33',0000000001,NULL,0000000000),(0000000086,9,'Pemakaian Sendiri','1',0,'---','2016-10-10 18:49:33',0000000001,'2016-10-10 18:49:33',0000000001,'2016-10-10 18:49:33',0000000001,NULL,0000000000),(0000000080,9,'Lainnya','1',0,'---','2016-10-10 18:49:33',0000000001,'2016-10-10 18:49:33',0000000001,'2016-10-10 18:49:33',0000000001,NULL,0000000000),(0000000081,10,'---','1',0,'---','2016-10-10 18:49:33',0000000001,'2016-10-10 18:49:33',0000000001,'2016-10-10 18:49:33',0000000001,NULL,0000000000),(0000000082,10,'Lainnya','1',0,'---','2016-10-10 18:49:33',0000000001,'2016-10-10 18:49:33',0000000001,'2016-10-10 18:49:33',0000000001,NULL,0000000000),(0000000083,11,'---','1',0,'---','2016-10-10 18:49:33',0000000001,'2016-10-10 18:49:33',0000000001,'2016-10-10 18:49:33',0000000001,NULL,0000000000),(0000000084,11,'Lainnya','1',0,'---','2016-10-10 18:49:33',0000000001,'2016-10-10 18:49:33',0000000001,'2016-10-10 18:49:33',0000000001,NULL,0000000000),(0000000085,12,'---','1',0,'---','2016-10-10 18:49:33',0000000001,'2016-10-10 18:49:33',0000000001,'2016-10-10 18:49:33',0000000001,NULL,0000000000);
/*!40000 ALTER TABLE `account_group` ENABLE KEYS */;
UNLOCK TABLES;

--
-- Table structure for table `car`
--

DROP TABLE IF EXISTS `car`;
/*!40101 SET @saved_cs_client     = @@character_set_client */;
/*!40101 SET character_set_client = utf8 */;
CREATE TABLE `car` (
  `record_id` int(10) unsigned NOT NULL AUTO_INCREMENT,
  `car_garage_record_id` int(10) unsigned NOT NULL,
  `name` varchar(50) DEFAULT NULL,
  `plate_number` varchar(50) DEFAULT NULL,
  `price` double(23,6) unsigned DEFAULT NULL,
  `availability` tinyint(1) unsigned DEFAULT '1',
  `void_status` tinyint(1) unsigned DEFAULT NULL,
  `void_reason` varchar(100) DEFAULT NULL,
  `void_datetime` datetime DEFAULT NULL,
  `void_by_user_record_id` int(10) unsigned DEFAULT NULL,
  `edit_datetime` datetime DEFAULT NULL,
  `edit_by_user_record_id` int(10) unsigned DEFAULT NULL,
  `authorize_datetime` datetime DEFAULT NULL,
  `authorize_by_user_record_id` int(10) unsigned DEFAULT NULL,
  `delete_datetime` datetime DEFAULT NULL,
  `delete_by_user_Record_id` int(10) unsigned DEFAULT NULL,
  PRIMARY KEY (`record_id`)
) ENGINE=MyISAM AUTO_INCREMENT=5 DEFAULT CHARSET=latin1;
/*!40101 SET character_set_client = @saved_cs_client */;

--
-- Dumping data for table `car`
--

LOCK TABLES `car` WRITE;
/*!40000 ALTER TABLE `car` DISABLE KEYS */;
INSERT INTO `car` VALUES (1,2,'BMW','B 21 G',200000.000000,1,NULL,NULL,NULL,NULL,NULL,NULL,NULL,NULL,NULL,NULL),(2,1,'Panther','BK 1231 K',90000.000000,1,NULL,NULL,NULL,NULL,NULL,NULL,NULL,NULL,NULL,NULL),(3,1,'CRV','BK 921 PO',110000.000000,1,NULL,NULL,NULL,NULL,NULL,NULL,NULL,NULL,NULL,NULL),(4,2,'TRUK','BK 9231 OI',100000.000000,1,NULL,NULL,NULL,NULL,NULL,NULL,NULL,NULL,NULL,NULL);
/*!40000 ALTER TABLE `car` ENABLE KEYS */;
UNLOCK TABLES;

--
-- Table structure for table `customer`
--

DROP TABLE IF EXISTS `customer`;
/*!40101 SET @saved_cs_client     = @@character_set_client */;
/*!40101 SET character_set_client = utf8 */;
CREATE TABLE `customer` (
  `record_id` int(10) unsigned NOT NULL AUTO_INCREMENT,
  `no` varchar(45) DEFAULT NULL,
  `name` varchar(45) DEFAULT NULL,
  `address` varchar(45) DEFAULT NULL,
  `telephone` varchar(15) DEFAULT NULL,
  `email` varchar(45) DEFAULT NULL,
  `birthplace` varchar(45) DEFAULT NULL,
  `birthdate` date DEFAULT NULL,
  `gender` tinyint(1) DEFAULT NULL,
  `point` int(10) unsigned DEFAULT NULL,
  `void_status` tinyint(1) unsigned DEFAULT NULL,
  `void_reason` varchar(100) DEFAULT NULL,
  `void_datetime` datetime DEFAULT NULL,
  `void_by_user_record_id` int(10) unsigned DEFAULT NULL,
  `create_datetime` datetime DEFAULT NULL,
  `create_by_user_Record_id` int(10) unsigned DEFAULT NULL,
  `edit_datetime` datetime DEFAULT NULL,
  `edit_by_user_record_id` int(10) unsigned DEFAULT NULL,
  `authorize_datetime` datetime DEFAULT NULL,
  `authorize_by_user_record_id` int(10) unsigned DEFAULT NULL,
  `delete_datetime` datetime DEFAULT NULL,
  `delete_by_user_Record_id` int(10) unsigned DEFAULT NULL,
  PRIMARY KEY (`record_id`)
) ENGINE=MyISAM AUTO_INCREMENT=6 DEFAULT CHARSET=latin1;
/*!40101 SET character_set_client = @saved_cs_client */;

--
-- Dumping data for table `customer`
--

LOCK TABLES `customer` WRITE;
/*!40000 ALTER TABLE `customer` DISABLE KEYS */;
INSERT INTO `customer` VALUES (1,'C0001','Sutandi','Jln. Berjaya No.8y','061-4143650','sutandii@icloud.com','Medan','1998-02-06',0,0,NULL,NULL,NULL,NULL,NULL,NULL,NULL,NULL,NULL,NULL,NULL,NULL),(2,'C0002','Mario','Jln. mana aja','0812391248','mario.yaputra@gmail.com','Medan','1997-10-19',1,0,NULL,NULL,NULL,NULL,NULL,NULL,'2016-10-23 23:40:06',2,NULL,NULL,NULL,NULL),(3,'C0003','Sony','Jln. itu lho','061239831','sony.winarto@gmail.com','Medan','2016-10-11',0,0,NULL,NULL,NULL,NULL,NULL,NULL,NULL,NULL,NULL,NULL,'2016-10-24 00:09:39',2),(4,'C0004','Jono','Jln. apa adanay','0810231298','jono@gmail.com','Kisaran','2016-10-12',0,0,NULL,NULL,NULL,NULL,NULL,NULL,NULL,NULL,NULL,NULL,NULL,NULL),(5,'C0005','Jimmy','Jln. malik','0821387412','24jimmy@gmail.com','Medan','2016-10-12',0,0,NULL,NULL,NULL,NULL,NULL,NULL,NULL,NULL,NULL,NULL,'2016-10-24 00:08:15',2);
/*!40000 ALTER TABLE `customer` ENABLE KEYS */;
UNLOCK TABLES;

--
-- Table structure for table `employer`
--

DROP TABLE IF EXISTS `employer`;
/*!40101 SET @saved_cs_client     = @@character_set_client */;
/*!40101 SET character_set_client = utf8 */;
CREATE TABLE `employer` (
  `record_id` int(10) unsigned NOT NULL AUTO_INCREMENT,
  `no` varchar(45) DEFAULT NULL,
  `name` varchar(45) DEFAULT NULL,
  `address` varchar(45) DEFAULT NULL,
  `telephone` varchar(15) DEFAULT NULL,
  `email` varchar(45) DEFAULT NULL,
  `birthplace` varchar(45) DEFAULT NULL,
  `birthdate` date DEFAULT NULL,
  `gender` tinyint(1) unsigned DEFAULT NULL,
  `void_status` tinyint(1) unsigned DEFAULT NULL,
  `void_reason` varchar(100) DEFAULT NULL,
  `void_datetime` datetime DEFAULT NULL,
  `void_by_user_record_id` int(10) unsigned DEFAULT NULL,
  `create_datetime` datetime DEFAULT NULL,
  `create_by_user_Record_id` int(10) unsigned DEFAULT NULL,
  `edit_datetime` datetime DEFAULT NULL,
  `edit_by_user_record_id` int(10) unsigned DEFAULT NULL,
  `authorize_datetime` datetime DEFAULT NULL,
  `authorize_by_user_record_id` int(10) unsigned DEFAULT NULL,
  `delete_datetime` datetime DEFAULT NULL,
  `delete_by_user_Record_id` int(10) unsigned DEFAULT NULL,
  PRIMARY KEY (`record_id`)
) ENGINE=MyISAM AUTO_INCREMENT=3 DEFAULT CHARSET=latin1;
/*!40101 SET character_set_client = @saved_cs_client */;

--
-- Dumping data for table `employer`
--

LOCK TABLES `employer` WRITE;
/*!40000 ALTER TABLE `employer` DISABLE KEYS */;
INSERT INTO `employer` VALUES (1,'Admin','Admin','Jln.mana aja','088218379','admin@gmail.com','Medan','2016-10-12',0,NULL,NULL,NULL,NULL,NULL,NULL,NULL,NULL,NULL,NULL,'2016-10-24 11:43:04',2),(2,'2','Administrator','jlasd','08928131','2@gmail.com','Medan','2016-10-12',0,NULL,NULL,NULL,NULL,NULL,NULL,NULL,NULL,NULL,NULL,NULL,NULL);
/*!40000 ALTER TABLE `employer` ENABLE KEYS */;
UNLOCK TABLES;

--
-- Table structure for table `garage`
--

DROP TABLE IF EXISTS `garage`;
/*!40101 SET @saved_cs_client     = @@character_set_client */;
/*!40101 SET character_set_client = utf8 */;
CREATE TABLE `garage` (
  `record_id` int(10) unsigned NOT NULL AUTO_INCREMENT,
  `name` varchar(50) DEFAULT NULL,
  `description` varchar(300) DEFAULT NULL,
  `record_version` int(10) unsigned DEFAULT NULL,
  `default_status` tinyint(1) unsigned DEFAULT NULL,
  `void_status` tinyint(1) unsigned DEFAULT NULL,
  `void_reason` varchar(100) DEFAULT NULL,
  `void_datetime` datetime DEFAULT NULL,
  `void_by_user_record_id` int(10) unsigned DEFAULT NULL,
  `create_Datetime` datetime DEFAULT NULL,
  `create_by_user_Record_id` int(10) unsigned DEFAULT NULL,
  `edit_Datetime` datetime DEFAULT NULL,
  `edit_by_user_Record_id` int(10) unsigned DEFAULT NULL,
  `authorize_datetime` datetime DEFAULT NULL,
  `authorize_by_user_Record_id` int(10) unsigned DEFAULT NULL,
  `delete_datetime` datetime DEFAULT NULL,
  `delete_by_user_Record_id` int(10) unsigned DEFAULT NULL,
  PRIMARY KEY (`record_id`)
) ENGINE=MyISAM AUTO_INCREMENT=3 DEFAULT CHARSET=latin1;
/*!40101 SET character_set_client = @saved_cs_client */;

--
-- Dumping data for table `garage`
--

LOCK TABLES `garage` WRITE;
/*!40000 ALTER TABLE `garage` DISABLE KEYS */;
INSERT INTO `garage` VALUES (1,'Gudang Kecil','',NULL,NULL,NULL,NULL,NULL,NULL,NULL,NULL,NULL,NULL,NULL,NULL,NULL,NULL),(2,'Gudang Besar','Mobil Besar',NULL,NULL,NULL,NULL,NULL,NULL,NULL,NULL,NULL,NULL,NULL,NULL,NULL,NULL);
/*!40000 ALTER TABLE `garage` ENABLE KEYS */;
UNLOCK TABLES;

--
-- Table structure for table `journal`
--

DROP TABLE IF EXISTS `journal`;
/*!40101 SET @saved_cs_client     = @@character_set_client */;
/*!40101 SET character_set_client = utf8 */;
CREATE TABLE `journal` (
  `record_id` int(10) unsigned zerofill NOT NULL AUTO_INCREMENT,
  `no` varchar(50) DEFAULT NULL,
  `date` datetime DEFAULT NULL,
  `transaction_from` int(10) unsigned DEFAULT NULL,
  `transaction_record_id` int(10) unsigned zerofill DEFAULT NULL,
  `debet_base` double(23,6) DEFAULT NULL,
  `credit_base` double(23,6) DEFAULT NULL,
  `note` varchar(1000) DEFAULT NULL,
  `void_status` tinyint(1) DEFAULT NULL,
  `void_reason` varchar(200) DEFAULT NULL,
  `void_datetime` datetime DEFAULT NULL,
  `void_by_user_record_id` int(10) unsigned zerofill DEFAULT NULL,
  `create_datetime` datetime DEFAULT NULL,
  `create_by_user_record_id` int(10) unsigned zerofill DEFAULT NULL,
  `edit_datetime` datetime DEFAULT NULL,
  `edit_by_user_record_id` int(10) unsigned zerofill DEFAULT NULL,
  `authorize_datetime` datetime DEFAULT NULL,
  `authorize_by_user_record_id` int(10) unsigned zerofill DEFAULT NULL,
  `delete_datetime` datetime DEFAULT NULL,
  `delete_by_user_record_id` int(10) unsigned zerofill DEFAULT NULL,
  PRIMARY KEY (`record_id`)
) ENGINE=MyISAM AUTO_INCREMENT=908 DEFAULT CHARSET=latin1;
/*!40101 SET character_set_client = @saved_cs_client */;

--
-- Dumping data for table `journal`
--

LOCK TABLES `journal` WRITE;
/*!40000 ALTER TABLE `journal` DISABLE KEYS */;
/*!40000 ALTER TABLE `journal` ENABLE KEYS */;
UNLOCK TABLES;

--
-- Table structure for table `journal_detail`
--

DROP TABLE IF EXISTS `journal_detail`;
/*!40101 SET @saved_cs_client     = @@character_set_client */;
/*!40101 SET character_set_client = utf8 */;
CREATE TABLE `journal_detail` (
  `record_id` int(10) unsigned zerofill NOT NULL AUTO_INCREMENT,
  `journal_record_id` int(10) unsigned zerofill NOT NULL,
  `account_chart_record_id` int(10) unsigned zerofill DEFAULT NULL,
  `debet_transaction` double(23,6) DEFAULT NULL,
  `credit_transaction` double(23,6) DEFAULT NULL,
  `note` varchar(1000) DEFAULT NULL,
  `void_status` tinyint(1) DEFAULT NULL,
  `void_reason` varchar(200) DEFAULT NULL,
  `void_datetime` datetime DEFAULT NULL,
  `void_by_user_record_id` int(10) unsigned zerofill DEFAULT NULL,
  `create_datetime` datetime DEFAULT NULL,
  `create_by_user_record_id` int(10) unsigned zerofill DEFAULT NULL,
  `edit_datetime` datetime DEFAULT NULL,
  `edit_by_user_record_id` int(10) unsigned zerofill DEFAULT NULL,
  `authorize_datetime` datetime DEFAULT NULL,
  `authorize_by_user_record_id` int(10) unsigned zerofill DEFAULT NULL,
  `delete_datetime` datetime DEFAULT NULL,
  `delete_by_user_record_id` int(10) unsigned zerofill DEFAULT NULL,
  PRIMARY KEY (`record_id`,`journal_record_id`) USING BTREE
) ENGINE=MyISAM AUTO_INCREMENT=2891 DEFAULT CHARSET=latin1;
/*!40101 SET character_set_client = @saved_cs_client */;

--
-- Dumping data for table `journal_detail`
--

LOCK TABLES `journal_detail` WRITE;
/*!40000 ALTER TABLE `journal_detail` DISABLE KEYS */;
/*!40000 ALTER TABLE `journal_detail` ENABLE KEYS */;
UNLOCK TABLES;

--
-- Table structure for table `login`
--

DROP TABLE IF EXISTS `login`;
/*!40101 SET @saved_cs_client     = @@character_set_client */;
/*!40101 SET character_set_client = utf8 */;
CREATE TABLE `login` (
  `record_id` int(10) unsigned NOT NULL AUTO_INCREMENT,
  `employee_record_id` int(10) unsigned DEFAULT NULL,
  `username` varchar(45) DEFAULT NULL,
  `password` varchar(45) DEFAULT NULL,
  `access_record_id` int(10) unsigned DEFAULT NULL,
  `void_status` tinyint(1) unsigned DEFAULT NULL,
  `void_reason` varchar(100) DEFAULT NULL,
  `void_datetime` datetime DEFAULT NULL,
  `void_by_user_record_id` int(10) unsigned DEFAULT NULL,
  `create_datetime` datetime DEFAULT NULL,
  `create_by_user_record_id` int(10) unsigned DEFAULT NULL,
  `edit_datetime` datetime DEFAULT NULL,
  `edit_by_user_record_id` int(10) unsigned DEFAULT NULL,
  `authorize_datetime` datetime DEFAULT NULL,
  `authorize_by_user_record_id` int(10) unsigned DEFAULT NULL,
  `delete_datetime` datetime DEFAULT NULL,
  `delete_by_user_Record_id` int(10) unsigned DEFAULT NULL,
  PRIMARY KEY (`record_id`)
) ENGINE=MyISAM AUTO_INCREMENT=2 DEFAULT CHARSET=latin1;
/*!40101 SET character_set_client = @saved_cs_client */;

--
-- Dumping data for table `login`
--

LOCK TABLES `login` WRITE;
/*!40000 ALTER TABLE `login` DISABLE KEYS */;
INSERT INTO `login` VALUES (1,2,'Administrator','employer39',1,0,NULL,NULL,0,NULL,0,NULL,0,NULL,0,NULL,0);
/*!40000 ALTER TABLE `login` ENABLE KEYS */;
UNLOCK TABLES;

--
-- Table structure for table `login_access`
--

DROP TABLE IF EXISTS `login_access`;
/*!40101 SET @saved_cs_client     = @@character_set_client */;
/*!40101 SET character_set_client = utf8 */;
CREATE TABLE `login_access` (
  `record_id` int(10) unsigned NOT NULL AUTO_INCREMENT,
  `name` varchar(50) DEFAULT NULL,
  `note` varchar(1000) DEFAULT NULL,
  `void_status` tinyint(1) unsigned DEFAULT NULL,
  `void_reason` varchar(100) DEFAULT NULL,
  `void_datetime` datetime DEFAULT NULL,
  `void_by_user_record_id` int(10) unsigned DEFAULT NULL,
  `create_datetime` datetime DEFAULT NULL,
  `create_by_user_Record_id` int(10) unsigned DEFAULT NULL,
  `edit_datetime` datetime DEFAULT NULL,
  `edit_by_user_Record_id` int(10) unsigned DEFAULT NULL,
  `authorize_datetime` datetime DEFAULT NULL,
  `authorize_by_user_Record_id` int(10) unsigned DEFAULT NULL,
  `delete_datetime` datetime DEFAULT NULL,
  `delete_by_user_record_id` int(10) unsigned DEFAULT NULL,
  PRIMARY KEY (`record_id`)
) ENGINE=MyISAM AUTO_INCREMENT=19 DEFAULT CHARSET=latin1;
/*!40101 SET character_set_client = @saved_cs_client */;

--
-- Dumping data for table `login_access`
--

LOCK TABLES `login_access` WRITE;
/*!40000 ALTER TABLE `login_access` DISABLE KEYS */;
INSERT INTO `login_access` VALUES (1,'Administrator','',NULL,NULL,NULL,NULL,NULL,NULL,NULL,NULL,NULL,NULL,NULL,NULL),(2,'Admin','',NULL,NULL,NULL,NULL,NULL,NULL,NULL,NULL,NULL,NULL,NULL,NULL),(3,'Jala','',NULL,NULL,NULL,NULL,NULL,NULL,NULL,NULL,NULL,NULL,NULL,NULL),(4,'Java','',NULL,NULL,NULL,NULL,NULL,NULL,NULL,NULL,NULL,NULL,NULL,NULL),(5,'Hahaa','',NULL,NULL,NULL,NULL,NULL,NULL,NULL,NULL,NULL,NULL,NULL,NULL),(6,'test','',NULL,NULL,NULL,NULL,NULL,NULL,NULL,NULL,NULL,NULL,NULL,NULL),(7,'testing','',NULL,NULL,NULL,NULL,NULL,NULL,NULL,NULL,NULL,NULL,NULL,NULL),(8,'Menu','',NULL,NULL,NULL,NULL,NULL,NULL,NULL,NULL,NULL,NULL,NULL,NULL),(9,'Menu','',NULL,NULL,NULL,NULL,NULL,NULL,NULL,NULL,NULL,NULL,NULL,NULL),(10,'Menu','',NULL,NULL,NULL,NULL,NULL,NULL,NULL,NULL,NULL,NULL,NULL,NULL),(11,'Menu','',NULL,NULL,NULL,NULL,NULL,NULL,NULL,NULL,NULL,NULL,NULL,NULL),(12,'Menu','',NULL,NULL,NULL,NULL,NULL,NULL,NULL,NULL,NULL,NULL,NULL,NULL),(13,'Menu2','',NULL,NULL,NULL,NULL,NULL,NULL,NULL,NULL,NULL,NULL,NULL,NULL),(14,'Menu2','',NULL,NULL,NULL,NULL,NULL,NULL,NULL,NULL,NULL,NULL,NULL,NULL),(15,'asd','',NULL,NULL,NULL,NULL,NULL,NULL,NULL,NULL,NULL,NULL,NULL,NULL),(16,'tes','',NULL,NULL,NULL,NULL,NULL,NULL,NULL,NULL,NULL,NULL,NULL,NULL),(17,'Adminn','',NULL,NULL,NULL,NULL,NULL,NULL,NULL,NULL,NULL,NULL,NULL,NULL),(18,'Rental','',NULL,NULL,NULL,NULL,NULL,NULL,NULL,NULL,NULL,NULL,NULL,NULL);
/*!40000 ALTER TABLE `login_access` ENABLE KEYS */;
UNLOCK TABLES;

--
-- Table structure for table `login_access_detail`
--

DROP TABLE IF EXISTS `login_access_detail`;
/*!40101 SET @saved_cs_client     = @@character_set_client */;
/*!40101 SET character_set_client = utf8 */;
CREATE TABLE `login_access_detail` (
  `record_id` int(10) unsigned NOT NULL AUTO_INCREMENT,
  `access_record_id` int(10) unsigned NOT NULL,
  `name_menu` varchar(50) DEFAULT NULL,
  `view_data` tinyint(1) DEFAULT NULL,
  `add_data` tinyint(1) DEFAULT NULL,
  `edit_data` tinyint(1) DEFAULT NULL,
  `delete_data` tinyint(1) DEFAULT NULL,
  `print` tinyint(1) DEFAULT NULL,
  `export` tinyint(1) DEFAULT NULL,
  `void_status` tinyint(1) DEFAULT NULL,
  `void_reason` varchar(100) DEFAULT NULL,
  `void_datetime` datetime DEFAULT NULL,
  `void_by_user_record_id` int(10) unsigned DEFAULT NULL,
  `create_datetime` datetime DEFAULT NULL,
  `create_by_user_Record_id` int(10) unsigned DEFAULT NULL,
  `edit_Datetime` datetime DEFAULT NULL,
  `edit_by_user_record_id` int(10) unsigned DEFAULT NULL,
  `authorize_datetime` datetime DEFAULT NULL,
  `authorize_by_user_Record_id` int(10) unsigned DEFAULT NULL,
  `delete_datetime` datetime DEFAULT NULL,
  `delete_by_user_Record_id` int(10) unsigned DEFAULT NULL,
  PRIMARY KEY (`record_id`) USING BTREE
) ENGINE=MyISAM AUTO_INCREMENT=25 DEFAULT CHARSET=latin1;
/*!40101 SET character_set_client = @saved_cs_client */;

--
-- Dumping data for table `login_access_detail`
--

LOCK TABLES `login_access_detail` WRITE;
/*!40000 ALTER TABLE `login_access_detail` DISABLE KEYS */;
INSERT INTO `login_access_detail` VALUES (1,16,'Customer',1,1,1,1,1,1,NULL,NULL,NULL,NULL,NULL,NULL,NULL,NULL,NULL,NULL,NULL,NULL),(2,16,'Employer',1,1,1,1,1,1,NULL,NULL,NULL,NULL,NULL,NULL,NULL,NULL,NULL,NULL,NULL,NULL),(3,16,'Garage',1,1,1,1,1,1,NULL,NULL,NULL,NULL,NULL,NULL,NULL,NULL,NULL,NULL,NULL,NULL),(4,16,'Rent',1,1,1,1,1,1,NULL,NULL,NULL,NULL,NULL,NULL,NULL,NULL,NULL,NULL,NULL,NULL),(5,16,'Purchase Request',1,1,1,1,1,1,NULL,NULL,NULL,NULL,NULL,NULL,NULL,NULL,NULL,NULL,NULL,NULL),(6,16,'Purchase Order',1,1,1,1,1,1,NULL,NULL,NULL,NULL,NULL,NULL,NULL,NULL,NULL,NULL,NULL,NULL),(7,16,'Purchase Payment',1,1,1,1,1,1,NULL,NULL,NULL,NULL,NULL,NULL,NULL,NULL,NULL,NULL,NULL,NULL),(8,16,'Report',1,1,1,1,1,1,NULL,NULL,NULL,NULL,NULL,NULL,NULL,NULL,NULL,NULL,NULL,NULL),(9,17,'Customer',1,1,1,1,1,1,NULL,NULL,NULL,NULL,NULL,NULL,NULL,NULL,NULL,NULL,NULL,NULL),(10,17,'Employer',1,1,1,1,1,1,NULL,NULL,NULL,NULL,NULL,NULL,NULL,NULL,NULL,NULL,NULL,NULL),(11,17,'Garage',1,1,1,1,1,1,NULL,NULL,NULL,NULL,NULL,NULL,NULL,NULL,NULL,NULL,NULL,NULL),(12,17,'Rent',1,1,1,1,1,1,NULL,NULL,NULL,NULL,NULL,NULL,NULL,NULL,NULL,NULL,NULL,NULL),(13,17,'Purchase Request',1,1,1,1,1,1,NULL,NULL,NULL,NULL,NULL,NULL,NULL,NULL,NULL,NULL,NULL,NULL),(14,17,'Purchase Order',1,1,1,1,1,1,NULL,NULL,NULL,NULL,NULL,NULL,NULL,NULL,NULL,NULL,NULL,NULL),(15,17,'Purchase Payment',1,1,1,1,1,1,NULL,NULL,NULL,NULL,NULL,NULL,NULL,NULL,NULL,NULL,NULL,NULL),(16,17,'Report',1,1,1,1,1,1,NULL,NULL,NULL,NULL,NULL,NULL,NULL,NULL,NULL,NULL,NULL,NULL),(17,18,'Customer',1,1,1,1,1,1,NULL,NULL,NULL,NULL,NULL,NULL,NULL,NULL,NULL,NULL,NULL,NULL),(18,18,'Employer',0,0,0,0,0,0,NULL,NULL,NULL,NULL,NULL,NULL,NULL,NULL,NULL,NULL,NULL,NULL),(19,18,'Garage',1,1,1,1,1,1,NULL,NULL,NULL,NULL,NULL,NULL,NULL,NULL,NULL,NULL,NULL,NULL),(20,18,'Rent',1,1,1,1,1,1,NULL,NULL,NULL,NULL,NULL,NULL,NULL,NULL,NULL,NULL,NULL,NULL),(21,18,'Purchase Request',1,1,1,0,0,0,NULL,NULL,NULL,NULL,NULL,NULL,NULL,NULL,NULL,NULL,NULL,NULL),(22,18,'Purchase Order',0,0,0,0,0,0,NULL,NULL,NULL,NULL,NULL,NULL,NULL,NULL,NULL,NULL,NULL,NULL),(23,18,'Purchase Payment',0,0,0,0,0,0,NULL,NULL,NULL,NULL,NULL,NULL,NULL,NULL,NULL,NULL,NULL,NULL),(24,18,'Report',0,0,0,0,0,0,NULL,NULL,NULL,NULL,NULL,NULL,NULL,NULL,NULL,NULL,NULL,NULL);
/*!40000 ALTER TABLE `login_access_detail` ENABLE KEYS */;
UNLOCK TABLES;

--
-- Table structure for table `purchase_invoice`
--

DROP TABLE IF EXISTS `purchase_invoice`;
/*!40101 SET @saved_cs_client     = @@character_set_client */;
/*!40101 SET character_set_client = utf8 */;
CREATE TABLE `purchase_invoice` (
  `record_id` int(10) unsigned zerofill NOT NULL AUTO_INCREMENT,
  `purchase_order_record_id` int(10) unsigned zerofill NOT NULL DEFAULT '0000000000',
  `no` varchar(50) DEFAULT NULL,
  `date` date DEFAULT NULL,
  `supplier_name` varchar(50) DEFAULT NULL,
  `sub_total` double(23,6) DEFAULT NULL,
  `tax_percent` double(23,6) DEFAULT NULL,
  `tax_value` double(23,6) DEFAULT NULL,
  `disc_percent` double(23,6) DEFAULT NULL,
  `disc_value` double(23,6) DEFAULT NULL,
  `total` double(23,6) DEFAULT '0.000000',
  `journal_record_id` int(10) unsigned zerofill DEFAULT NULL,
  `note` varchar(1000) DEFAULT NULL,
  `void_status` tinyint(1) DEFAULT NULL,
  `void_reason` varchar(200) DEFAULT NULL,
  `void_datetime` datetime DEFAULT NULL,
  `void_by_user_record_id` int(10) unsigned zerofill DEFAULT NULL,
  `create_datetime` datetime DEFAULT NULL,
  `create_by_user_record_id` int(10) unsigned zerofill DEFAULT NULL,
  `edit_datetime` datetime DEFAULT NULL,
  `edit_by_user_record_id` int(10) unsigned zerofill DEFAULT NULL,
  `authorize_datetime` datetime DEFAULT NULL,
  `authorize_by_user_record_id` int(10) unsigned zerofill DEFAULT NULL,
  `delete_datetime` datetime DEFAULT NULL,
  `delete_by_user_record_id` int(10) unsigned zerofill DEFAULT NULL,
  PRIMARY KEY (`record_id`) USING BTREE
) ENGINE=MyISAM DEFAULT CHARSET=latin1;
/*!40101 SET character_set_client = @saved_cs_client */;

--
-- Dumping data for table `purchase_invoice`
--

LOCK TABLES `purchase_invoice` WRITE;
/*!40000 ALTER TABLE `purchase_invoice` DISABLE KEYS */;
/*!40000 ALTER TABLE `purchase_invoice` ENABLE KEYS */;
UNLOCK TABLES;

--
-- Table structure for table `purchase_invoice_detail`
--

DROP TABLE IF EXISTS `purchase_invoice_detail`;
/*!40101 SET @saved_cs_client     = @@character_set_client */;
/*!40101 SET character_set_client = utf8 */;
CREATE TABLE `purchase_invoice_detail` (
  `record_id` int(10) unsigned zerofill NOT NULL AUTO_INCREMENT,
  `purchase_invoice_record_id` int(10) unsigned zerofill NOT NULL,
  `description` varchar(200) DEFAULT NULL,
  `price` double(23,6) DEFAULT NULL,
  `qty` double(23,6) DEFAULT NULL,
  `subtotal` double(23,6) DEFAULT NULL,
  `void_status` tinyint(1) DEFAULT NULL,
  `void_reason` varchar(200) DEFAULT NULL,
  `void_datetime` datetime DEFAULT NULL,
  `void_by_user_record_id` int(10) unsigned zerofill DEFAULT NULL,
  `create_datetime` datetime DEFAULT NULL,
  `create_by_user_record_id` int(10) unsigned zerofill DEFAULT NULL,
  `edit_datetime` datetime DEFAULT NULL,
  `edit_by_user_record_id` int(10) unsigned zerofill DEFAULT NULL,
  `authorize_datetime` datetime DEFAULT NULL,
  `authorize_by_user_record_id` int(10) unsigned zerofill DEFAULT NULL,
  `delete_datetime` datetime DEFAULT NULL,
  `delete_by_user_record_id` int(10) unsigned zerofill DEFAULT NULL,
  PRIMARY KEY (`record_id`) USING BTREE
) ENGINE=MyISAM DEFAULT CHARSET=latin1;
/*!40101 SET character_set_client = @saved_cs_client */;

--
-- Dumping data for table `purchase_invoice_detail`
--

LOCK TABLES `purchase_invoice_detail` WRITE;
/*!40000 ALTER TABLE `purchase_invoice_detail` DISABLE KEYS */;
/*!40000 ALTER TABLE `purchase_invoice_detail` ENABLE KEYS */;
UNLOCK TABLES;

--
-- Table structure for table `purchase_order`
--

DROP TABLE IF EXISTS `purchase_order`;
/*!40101 SET @saved_cs_client     = @@character_set_client */;
/*!40101 SET character_set_client = utf8 */;
CREATE TABLE `purchase_order` (
  `record_id` int(10) unsigned zerofill NOT NULL AUTO_INCREMENT,
  `no` varchar(50) DEFAULT NULL,
  `date` date DEFAULT NULL,
  `request_record_id` int(10) unsigned zerofill DEFAULT NULL,
  `total` double(23,6) DEFAULT NULL,
  `note` varchar(1000) DEFAULT NULL,
  `record_version` int(10) unsigned DEFAULT NULL,
  `default_status` tinyint(1) DEFAULT NULL,
  `void_status` tinyint(1) DEFAULT NULL,
  `void_reason` varchar(200) DEFAULT NULL,
  `void_datetime` datetime DEFAULT NULL,
  `void_by_user_record_id` int(10) unsigned zerofill DEFAULT NULL,
  `create_datetime` datetime DEFAULT NULL,
  `create_by_user_record_id` int(10) unsigned zerofill DEFAULT NULL,
  `edit_datetime` datetime DEFAULT NULL,
  `edit_by_user_record_id` int(10) unsigned zerofill DEFAULT NULL,
  `authorize_datetime` datetime DEFAULT NULL,
  `authorize_by_user_record_id` int(10) unsigned zerofill DEFAULT NULL,
  `delete_datetime` datetime DEFAULT NULL,
  `delete_by_user_record_id` int(10) unsigned zerofill DEFAULT NULL,
  PRIMARY KEY (`record_id`)
) ENGINE=MyISAM AUTO_INCREMENT=7465 DEFAULT CHARSET=latin1;
/*!40101 SET character_set_client = @saved_cs_client */;

--
-- Dumping data for table `purchase_order`
--

LOCK TABLES `purchase_order` WRITE;
/*!40000 ALTER TABLE `purchase_order` DISABLE KEYS */;
INSERT INTO `purchase_order` VALUES (0000007464,'P001','2016-11-04',0000006080,50000.000000,'',NULL,NULL,NULL,NULL,NULL,NULL,'2016-11-04 17:25:31',0000000002,NULL,NULL,NULL,NULL,NULL,NULL);
/*!40000 ALTER TABLE `purchase_order` ENABLE KEYS */;
UNLOCK TABLES;

--
-- Table structure for table `purchase_order_detail`
--

DROP TABLE IF EXISTS `purchase_order_detail`;
/*!40101 SET @saved_cs_client     = @@character_set_client */;
/*!40101 SET character_set_client = utf8 */;
CREATE TABLE `purchase_order_detail` (
  `record_id` int(10) unsigned zerofill NOT NULL AUTO_INCREMENT,
  `purchase_order_record_id` int(10) unsigned zerofill NOT NULL,
  `description` varchar(200) DEFAULT NULL,
  `price` double(23,6) DEFAULT NULL,
  `qty` double(23,6) DEFAULT NULL,
  `subtotal` double(23,6) DEFAULT NULL,
  `void_status` tinyint(1) DEFAULT NULL,
  `void_reason` varchar(200) DEFAULT NULL,
  `void_datetime` datetime DEFAULT NULL,
  `void_by_user_record_id` int(10) unsigned zerofill DEFAULT NULL,
  `create_datetime` datetime DEFAULT NULL,
  `create_by_user_record_id` int(10) unsigned zerofill DEFAULT NULL,
  `edit_datetime` datetime DEFAULT NULL,
  `edit_by_user_record_id` int(10) unsigned zerofill DEFAULT NULL,
  `authorize_datetime` datetime DEFAULT NULL,
  `authorize_by_user_record_id` int(10) unsigned zerofill DEFAULT NULL,
  `delete_datetime` datetime DEFAULT NULL,
  `delete_by_user_record_id` int(10) unsigned zerofill DEFAULT NULL,
  PRIMARY KEY (`record_id`) USING BTREE
) ENGINE=MyISAM AUTO_INCREMENT=54 DEFAULT CHARSET=latin1;
/*!40101 SET character_set_client = @saved_cs_client */;

--
-- Dumping data for table `purchase_order_detail`
--

LOCK TABLES `purchase_order_detail` WRITE;
/*!40000 ALTER TABLE `purchase_order_detail` DISABLE KEYS */;
INSERT INTO `purchase_order_detail` VALUES (0000000053,0000007464,'Mouse',50000.000000,1.000000,50000.000000,NULL,NULL,NULL,NULL,'2016-11-04 17:25:31',0000000002,NULL,NULL,NULL,NULL,NULL,NULL);
/*!40000 ALTER TABLE `purchase_order_detail` ENABLE KEYS */;
UNLOCK TABLES;

--
-- Table structure for table `purchase_payment`
--

DROP TABLE IF EXISTS `purchase_payment`;
/*!40101 SET @saved_cs_client     = @@character_set_client */;
/*!40101 SET character_set_client = utf8 */;
CREATE TABLE `purchase_payment` (
  `record_id` int(10) unsigned zerofill NOT NULL AUTO_INCREMENT,
  `voucher_record_id` int(10) unsigned zerofill DEFAULT NULL,
  `no` varchar(50) DEFAULT NULL,
  `tax_no` varchar(30) DEFAULT NULL,
  `date` datetime DEFAULT NULL,
  `supplier_name` varchar(50) DEFAULT NULL,
  `total_payable_base` double(23,6) DEFAULT NULL,
  `total_cash_base` double(23,6) DEFAULT NULL,
  `total_bank_base` double(23,6) DEFAULT NULL,
  `total_giro_base` double(23,6) DEFAULT NULL,
  `total_payment_base` double(23,6) DEFAULT NULL,
  `journal_record_id` int(10) unsigned zerofill DEFAULT NULL,
  `note` varchar(1000) DEFAULT NULL,
  `record_version` int(10) unsigned DEFAULT NULL,
  `default_status` tinyint(1) DEFAULT NULL,
  `void_status` tinyint(1) DEFAULT NULL,
  `void_reason` varchar(200) DEFAULT NULL,
  `void_datetime` datetime DEFAULT NULL,
  `void_by_user_record_id` int(10) unsigned zerofill DEFAULT NULL,
  `create_datetime` datetime DEFAULT NULL,
  `create_by_user_record_id` int(10) unsigned zerofill DEFAULT NULL,
  `edit_datetime` datetime DEFAULT NULL,
  `edit_by_user_record_id` int(10) unsigned zerofill DEFAULT NULL,
  `authorize_datetime` datetime DEFAULT NULL,
  `authorize_by_user_record_id` int(10) unsigned zerofill DEFAULT NULL,
  `delete_datetime` datetime DEFAULT NULL,
  `delete_by_user_record_id` int(10) unsigned zerofill DEFAULT NULL,
  PRIMARY KEY (`record_id`)
) ENGINE=MyISAM AUTO_INCREMENT=7 DEFAULT CHARSET=latin1;
/*!40101 SET character_set_client = @saved_cs_client */;

--
-- Dumping data for table `purchase_payment`
--

LOCK TABLES `purchase_payment` WRITE;
/*!40000 ALTER TABLE `purchase_payment` DISABLE KEYS */;
/*!40000 ALTER TABLE `purchase_payment` ENABLE KEYS */;
UNLOCK TABLES;

--
-- Table structure for table `purchase_payment_invoice`
--

DROP TABLE IF EXISTS `purchase_payment_invoice`;
/*!40101 SET @saved_cs_client     = @@character_set_client */;
/*!40101 SET character_set_client = utf8 */;
CREATE TABLE `purchase_payment_invoice` (
  `record_id` int(10) unsigned zerofill NOT NULL AUTO_INCREMENT,
  `purchase_payment_record_id` int(10) unsigned zerofill NOT NULL,
  `purchase_invoice_record_id` int(10) unsigned zerofill NOT NULL,
  `payable_value` double(23,6) DEFAULT NULL,
  `cash_transaction` double(23,6) DEFAULT NULL,
  `bank_transaction` double(23,6) DEFAULT NULL,
  `giro_transaction` double(23,6) DEFAULT NULL,
  `total_payment` double(23,6) DEFAULT NULL,
  `note` varchar(1000) DEFAULT NULL,
  `void_status` tinyint(1) DEFAULT NULL,
  `void_reason` varchar(200) DEFAULT NULL,
  `void_datetime` datetime DEFAULT NULL,
  `void_by_user_record_id` int(10) unsigned zerofill DEFAULT NULL,
  `create_datetime` datetime DEFAULT NULL,
  `create_by_user_record_id` int(10) unsigned zerofill DEFAULT NULL,
  `edit_datetime` datetime DEFAULT NULL,
  `edit_by_user_record_id` int(10) unsigned zerofill DEFAULT NULL,
  `authorize_datetime` datetime DEFAULT NULL,
  `authorize_by_user_record_id` int(10) unsigned zerofill DEFAULT NULL,
  `delete_datetime` datetime DEFAULT NULL,
  `delete_by_user_record_id` int(10) unsigned zerofill DEFAULT NULL,
  PRIMARY KEY (`record_id`) USING BTREE
) ENGINE=MyISAM DEFAULT CHARSET=latin1;
/*!40101 SET character_set_client = @saved_cs_client */;

--
-- Dumping data for table `purchase_payment_invoice`
--

LOCK TABLES `purchase_payment_invoice` WRITE;
/*!40000 ALTER TABLE `purchase_payment_invoice` DISABLE KEYS */;
/*!40000 ALTER TABLE `purchase_payment_invoice` ENABLE KEYS */;
UNLOCK TABLES;

--
-- Table structure for table `purchase_request`
--

DROP TABLE IF EXISTS `purchase_request`;
/*!40101 SET @saved_cs_client     = @@character_set_client */;
/*!40101 SET character_set_client = utf8 */;
CREATE TABLE `purchase_request` (
  `record_id` int(10) unsigned zerofill NOT NULL AUTO_INCREMENT,
  `no` varchar(50) DEFAULT NULL,
  `date` date DEFAULT NULL,
  `department` varchar(50) DEFAULT NULL,
  `request_by_record_id` int(10) unsigned zerofill DEFAULT NULL,
  `total` double(23,6) DEFAULT NULL,
  `date_needed` date DEFAULT NULL,
  `agreed_by_top_management` tinyint(1) DEFAULT NULL,
  `note` varchar(1000) DEFAULT NULL,
  `record_version` int(10) unsigned DEFAULT NULL,
  `default_status` tinyint(1) DEFAULT NULL,
  `void_status` tinyint(1) DEFAULT NULL,
  `void_reason` varchar(200) DEFAULT NULL,
  `void_datetime` datetime DEFAULT NULL,
  `void_by_user_record_id` int(10) unsigned zerofill DEFAULT NULL,
  `create_datetime` datetime DEFAULT NULL,
  `create_by_user_record_id` int(10) unsigned zerofill DEFAULT NULL,
  `edit_datetime` datetime DEFAULT NULL,
  `edit_by_user_record_id` int(10) unsigned zerofill DEFAULT NULL,
  `authorize_datetime` datetime DEFAULT NULL,
  `authorize_by_user_record_id` int(10) unsigned zerofill DEFAULT NULL,
  `delete_datetime` datetime DEFAULT NULL,
  `delete_by_user_record_id` int(10) unsigned zerofill DEFAULT NULL,
  PRIMARY KEY (`record_id`)
) ENGINE=MyISAM AUTO_INCREMENT=6081 DEFAULT CHARSET=latin1;
/*!40101 SET character_set_client = @saved_cs_client */;

--
-- Dumping data for table `purchase_request`
--

LOCK TABLES `purchase_request` WRITE;
/*!40000 ALTER TABLE `purchase_request` DISABLE KEYS */;
INSERT INTO `purchase_request` VALUES (0000006080,'R001','2016-11-04','Purchase',0000000002,100000.000000,'2016-11-04',NULL,NULL,NULL,NULL,NULL,NULL,NULL,NULL,'2016-11-04 17:16:00',0000000002,NULL,NULL,NULL,NULL,NULL,NULL);
/*!40000 ALTER TABLE `purchase_request` ENABLE KEYS */;
UNLOCK TABLES;

--
-- Table structure for table `purchase_request_detail`
--

DROP TABLE IF EXISTS `purchase_request_detail`;
/*!40101 SET @saved_cs_client     = @@character_set_client */;
/*!40101 SET character_set_client = utf8 */;
CREATE TABLE `purchase_request_detail` (
  `record_id` int(10) unsigned zerofill NOT NULL AUTO_INCREMENT,
  `purchase_request_record_id` int(10) unsigned zerofill NOT NULL,
  `description` varchar(100) DEFAULT NULL,
  `est_price` double(23,6) DEFAULT NULL,
  `qty` int(10) unsigned DEFAULT NULL,
  `subtotal` double(23,6) DEFAULT NULL,
  `void_status` tinyint(1) DEFAULT NULL,
  `void_reason` varchar(200) DEFAULT NULL,
  `void_datetime` datetime DEFAULT NULL,
  `void_by_user_record_id` int(10) unsigned zerofill DEFAULT NULL,
  `create_datetime` datetime DEFAULT NULL,
  `create_by_user_record_id` int(10) unsigned zerofill DEFAULT NULL,
  `edit_datetime` datetime DEFAULT NULL,
  `edit_by_user_record_id` int(10) unsigned zerofill DEFAULT NULL,
  `authorize_datetime` datetime DEFAULT NULL,
  `authorize_by_user_record_id` int(10) unsigned zerofill DEFAULT NULL,
  `delete_datetime` datetime DEFAULT NULL,
  `delete_by_user_record_id` int(10) unsigned zerofill DEFAULT NULL,
  PRIMARY KEY (`record_id`) USING BTREE
) ENGINE=MyISAM AUTO_INCREMENT=77 DEFAULT CHARSET=latin1;
/*!40101 SET character_set_client = @saved_cs_client */;

--
-- Dumping data for table `purchase_request_detail`
--

LOCK TABLES `purchase_request_detail` WRITE;
/*!40000 ALTER TABLE `purchase_request_detail` DISABLE KEYS */;
INSERT INTO `purchase_request_detail` VALUES (0000000076,0000006080,'Mouse',50000.000000,2,100000.000000,NULL,NULL,NULL,NULL,'2016-11-04 17:16:10',0000000002,NULL,NULL,NULL,NULL,NULL,NULL);
/*!40000 ALTER TABLE `purchase_request_detail` ENABLE KEYS */;
UNLOCK TABLES;

--
-- Table structure for table `rent`
--

DROP TABLE IF EXISTS `rent`;
/*!40101 SET @saved_cs_client     = @@character_set_client */;
/*!40101 SET character_set_client = utf8 */;
CREATE TABLE `rent` (
  `record_id` int(10) unsigned NOT NULL,
  `customer_profiles_record_id` int(10) unsigned NOT NULL,
  `no` varchar(40) DEFAULT NULL,
  `date` date DEFAULT NULL,
  `subtotal` double(23,6) DEFAULT NULL,
  `discount` double(23,6) unsigned DEFAULT NULL,
  `total` double(23,6) unsigned DEFAULT NULL,
  `returned` tinyint(1) unsigned DEFAULT NULL,
  `description` varchar(100) DEFAULT NULL,
  `void_status` tinyint(1) unsigned DEFAULT NULL,
  `void_reason` varchar(100) DEFAULT NULL,
  `void_datetime` datetime DEFAULT NULL,
  `void_by_user_record_id` int(10) unsigned DEFAULT NULL,
  `create_datetime` datetime DEFAULT NULL,
  `create_by_user_record_id` int(10) unsigned DEFAULT NULL,
  `edit_datetime` datetime DEFAULT NULL,
  `edit_by_user_record_id` int(10) unsigned DEFAULT NULL,
  `authorize_datetime` datetime DEFAULT NULL,
  `authorize_by_user_record_id` int(10) unsigned DEFAULT NULL,
  `delete_datetime` datetime DEFAULT NULL,
  `delete_by_user_record_id` int(10) unsigned DEFAULT NULL,
  PRIMARY KEY (`record_id`)
) ENGINE=MyISAM AUTO_INCREMENT=8 DEFAULT CHARSET=latin1;
/*!40101 SET character_set_client = @saved_cs_client */;

--
-- Dumping data for table `rent`
--

LOCK TABLES `rent` WRITE;
/*!40000 ALTER TABLE `rent` DISABLE KEYS */;
INSERT INTO `rent` VALUES (7,1,'R0001','2016-10-28',3600000.000000,0.000000,3600000.000000,1,'',NULL,NULL,NULL,NULL,'2016-10-28 12:16:58',2,NULL,NULL,NULL,NULL,NULL,NULL);
/*!40000 ALTER TABLE `rent` ENABLE KEYS */;
UNLOCK TABLES;

--
-- Table structure for table `rent_detail`
--

DROP TABLE IF EXISTS `rent_detail`;
/*!40101 SET @saved_cs_client     = @@character_set_client */;
/*!40101 SET character_set_client = utf8 */;
CREATE TABLE `rent_detail` (
  `record_id` int(10) unsigned NOT NULL AUTO_INCREMENT,
  `rent_record_id` int(10) unsigned DEFAULT NULL,
  `car_record_id` int(10) unsigned DEFAULT NULL,
  `price` double(23,6) DEFAULT NULL,
  `period` int(10) unsigned DEFAULT NULL,
  `subtotal` double(23,6) unsigned DEFAULT NULL,
  `void_status` tinyint(1) unsigned DEFAULT NULL,
  `void_reason` varchar(100) DEFAULT NULL,
  `void_datetime` datetime DEFAULT NULL,
  `void_by_user_record_id` int(10) unsigned DEFAULT NULL,
  `create_datetime` datetime DEFAULT NULL,
  `create_by_user_record_id` int(10) unsigned DEFAULT NULL,
  `edit_datetime` datetime DEFAULT NULL,
  `edit_by_user_record_id` int(10) unsigned DEFAULT NULL,
  `authorize_datetime` datetime DEFAULT NULL,
  `authorize_by_user_record_id` int(10) unsigned DEFAULT NULL,
  `delete_datetime` datetime DEFAULT NULL,
  `delete_by_user_Record_id` int(10) unsigned DEFAULT NULL,
  PRIMARY KEY (`record_id`)
) ENGINE=MyISAM AUTO_INCREMENT=2 DEFAULT CHARSET=latin1;
/*!40101 SET character_set_client = @saved_cs_client */;

--
-- Dumping data for table `rent_detail`
--

LOCK TABLES `rent_detail` WRITE;
/*!40000 ALTER TABLE `rent_detail` DISABLE KEYS */;
INSERT INTO `rent_detail` VALUES (1,7,2,90000.000000,40,3600000.000000,NULL,NULL,NULL,NULL,'2016-10-31 11:39:05',2,NULL,NULL,NULL,NULL,NULL,NULL);
/*!40000 ALTER TABLE `rent_detail` ENABLE KEYS */;
UNLOCK TABLES;
/*!40103 SET TIME_ZONE=@OLD_TIME_ZONE */;

/*!40101 SET SQL_MODE=@OLD_SQL_MODE */;
/*!40014 SET FOREIGN_KEY_CHECKS=@OLD_FOREIGN_KEY_CHECKS */;
/*!40014 SET UNIQUE_CHECKS=@OLD_UNIQUE_CHECKS */;
/*!40101 SET CHARACTER_SET_CLIENT=@OLD_CHARACTER_SET_CLIENT */;
/*!40101 SET CHARACTER_SET_RESULTS=@OLD_CHARACTER_SET_RESULTS */;
/*!40101 SET COLLATION_CONNECTION=@OLD_COLLATION_CONNECTION */;
/*!40111 SET SQL_NOTES=@OLD_SQL_NOTES */;

-- Dump completed on 2016-11-05 11:41:12
